city,pollutant,year,expected_hours,rows_in_file,non_null_readings,pct_missing,min_value,max_value,n_impossible,pct_impossible_of_readings
Ahmedabad,Benzene,2015,8759,8759,6874,21.52,0.0,253.67,0,0.0
Ahmedabad,Benzene,2016,8784,8784,4020,54.23,0.0,338.32,0,0.0
Ahmedabad,Benzene,2017,8760,8760,3727,57.45,0.0,310.11,0,0.0
Ahmedabad,Benzene,2018,8760,8760,8488,3.11,0.0,381.58,0,0.0
Ahmedabad,Benzene,2019,8760,8760,7576,13.52,0.0,115.14,0,0.0
Ahmedabad,Benzene,2020,4369,4369,4089,6.41,0.0,194.37,0,0.0
Ahmedabad,CO,2015,8759,8759,6593,24.73,0.01,330.95,324,4.914
Ahmedabad,CO,2016,8784,8784,2561,70.84,0.03,423.83,187,7.302
Ahmedabad,CO,2017,8760,8760,1492,82.97,1.98,498.57,213,14.276
Ahmedabad,CO,2018,8760,8760,8444,3.61,0.27,494.9,1274,15.088
Ahmedabad,CO,2019,8760,8760,8332,4.89,0.03,476.02,844,10.13
Ahmedabad,CO,2020,4369,4369,4140,5.24,0.04,428.71,136,3.285
Ahmedabad,NH3,2015,8759,8759,0,100.0,,,0,
Ahmedabad,NH3,2016,8784,8784,0,100.0,,,0,
Ahmedabad,NH3,2017,8760,8760,0,100.0,,,0,
Ahmedabad,NH3,2018,8760,8760,0,100.0,,,0,
Ahmedabad,NH3,2019,8760,8760,0,100.0,,,0,
Ahmedabad,NH3,2020,4369,4369,0,100.0,,,0,
Ahmedabad,NO,2015,8759,8759,6593,24.73,0.01,330.95,0,0.0
Ahmedabad,NO,2016,8784,8784,2561,70.84,0.03,423.83,0,0.0
Ahmedabad,NO,2017,8760,8760,1492,82.97,1.98,498.57,0,0.0
Ahmedabad,NO,2018,8760,8760,8444,3.61,0.27,494.9,0,0.0
Ahmedabad,NO,2019,8760,8760,8332,4.89,0.03,476.02,0,0.0
Ahmedabad,NO,2020,4369,4369,4140,5.24,0.05,428.71,0,0.0
Ahmedabad,NO2,2015,8759,8759,6895,21.28,0.01,107.0,0,0.0
Ahmedabad,NO2,2016,8784,8784,2754,68.65,1.3,311.63,0,0.0
Ahmedabad,NO2,2017,8760,8760,1494,82.95,0.17,294.61,0,0.0
Ahmedabad,NO2,2018,8760,8760,8459,3.44,0.14,476.69,0,0.0
Ahmedabad,NO2,2019,8760,8760,8298,5.27,0.06,494.15,0,0.0
Ahmedabad,NO2,2020,4369,4369,4137,5.31,0.27,365.13,0,0.0
Ahmedabad,NOx,2015,8759,8759,6874,21.52,0.0,412.0,0,0.0
Ahmedabad,NOx,2016,8784,8784,2757,68.61,0.0,488.92,0,0.0
Ahmedabad,NOx,2017,8760,8760,1705,80.54,0.0,489.83,0,0.0
Ahmedabad,NOx,2018,8760,8760,8477,3.23,0.0,496.29,0,0.0
Ahmedabad,NOx,2019,8760,8760,8373,4.42,0.0,498.61,0,0.0
Ahmedabad,NOx,2020,4369,4369,4158,4.83,0.0,274.67,0,0.0
Ahmedabad,O3,2015,8759,8759,6665,23.91,0.12,199.25,0,0.0
Ahmedabad,O3,2016,8784,8784,2403,72.64,0.02,170.5,0,0.0
Ahmedabad,O3,2017,8760,8760,1522,82.63,0.56,198.43,0,0.0
Ahmedabad,O3,2018,8760,8760,6267,28.46,0.02,195.51,0,0.0
Ahmedabad,O3,2019,8760,8760,8098,7.56,0.02,199.83,0,0.0
Ahmedabad,O3,2020,4369,4369,3908,10.55,0.02,178.66,0,0.0
Ahmedabad,PM10,2015,8759,8759,0,100.0,,,0,
Ahmedabad,PM10,2016,8784,8784,0,100.0,,,0,
Ahmedabad,PM10,2017,8760,8760,0,100.0,,,0,
Ahmedabad,PM10,2018,8760,8760,0,100.0,,,0,
Ahmedabad,PM10,2019,8760,8760,5111,41.66,15.12,999.99,0,0.0
Ahmedabad,PM10,2020,4369,4369,3818,12.61,5.65,999.99,0,0.0
Ahmedabad,PM2.5,2015,8759,8759,6186,29.38,0.34,834.15,0,0.0
Ahmedabad,PM2.5,2016,8784,8784,2721,69.02,0.35,928.54,0,0.0
Ahmedabad,PM2.5,2017,8760,8760,1650,81.16,1.3,364.6,0,0.0
Ahmedabad,PM2.5,2018,8760,8760,8420,3.88,0.54,994.58,0,0.0
Ahmedabad,PM2.5,2019,8760,8760,8148,6.99,1.45,503.32,0,0.0
Ahmedabad,PM2.5,2020,4369,4369,4004,8.35,2.29,999.99,0,0.0
Ahmedabad,SO2,2015,8759,8759,6464,26.2,0.01,199.27,0,0.0
Ahmedabad,SO2,2016,8784,8784,2706,69.19,0.02,198.36,0,0.0
Ahmedabad,SO2,2017,8760,8760,1291,85.26,11.51,199.81,0,0.0
Ahmedabad,SO2,2018,8760,8760,7796,11.0,0.35,199.25,0,0.0
Ahmedabad,SO2,2019,8760,8760,7447,14.99,0.03,199.96,0,0.0
Ahmedabad,SO2,2020,4369,4369,3251,25.59,0.03,196.05,0,0.0
Ahmedabad,Toluene,2015,8759,8759,6874,21.52,0.0,412.65,0,0.0
Ahmedabad,Toluene,2016,8784,8784,4021,54.22,0.0,457.42,0,0.0
Ahmedabad,Toluene,2017,8760,8760,3724,57.49,0.0,488.53,0,0.0
Ahmedabad,Toluene,2018,8760,8760,8488,3.11,0.0,454.09,0,0.0
Ahmedabad,Toluene,2019,8760,8760,7575,13.53,0.0,453.21,0,0.0
Ahmedabad,Toluene,2020,4369,4369,4089,6.41,0.0,183.75,0,0.0
Ahmedabad,Xylene,2015,8759,8759,6874,21.52,0.0,242.93,0,0.0
Ahmedabad,Xylene,2016,8784,8784,4021,54.22,0.0,114.33,0,0.0
Ahmedabad,Xylene,2017,8760,8760,3723,57.5,0.0,433.94,0,0.0
Ahmedabad,Xylene,2018,8760,8760,8487,3.12,0.0,461.39,0,0.0
Ahmedabad,Xylene,2019,8760,8760,7570,13.58,0.0,278.69,0,0.0
Ahmedabad,Xylene,2020,4369,4369,4089,6.41,0.0,49.4,0,0.0
Bengaluru,Benzene,2015,8759,8759,4045,53.82,0.01,372.79,0,0.0
Bengaluru,Benzene,2016,8784,8784,5570,36.59,0.0,310.58,0,0.0
Bengaluru,Benzene,2017,8760,8760,7351,16.08,0.0,34.29,0,0.0
Bengaluru,Benzene,2018,8760,8760,8034,8.29,0.0,36.84,0,0.0
Bengaluru,Benzene,2019,8760,8760,8759,0.01,0.0,21.6,0,0.0
Bengaluru,Benzene,2020,4369,4369,4369,0.0,0.05,11.06,0,0.0
Bengaluru,CO,2015,8759,8759,5136,41.36,0.0,49.96,0,0.0
Bengaluru,CO,2016,8784,8784,8005,8.87,0.0,49.53,0,0.0
Bengaluru,CO,2017,8760,8760,8516,2.79,0.0,39.62,0,0.0
Bengaluru,CO,2018,8760,8760,8757,0.03,0.16,10.26,0,0.0
Bengaluru,CO,2019,8760,8760,8759,0.01,0.25,3.67,0,0.0
Bengaluru,CO,2020,4369,4369,4369,0.0,0.36,3.58,0,0.0
Bengaluru,NH3,2015,8759,8759,8174,6.68,0.02,374.96,0,0.0
Bengaluru,NH3,2016,8784,8784,6613,24.72,0.02,291.81,0,0.0
Bengaluru,NH3,2017,8760,8760,7165,18.21,2.33,485.82,0,0.0
Bengaluru,NH3,2018,8760,8760,5509,37.11,7.89,122.29,0,0.0
Bengaluru,NH3,2019,8760,8760,8759,0.01,4.65,55.76,0,0.0
Bengaluru,NH3,2020,4369,4369,4369,0.0,4.14,32.61,0,0.0
Bengaluru,NO,2015,8759,8759,8692,0.76,0.03,287.04,0,0.0
Bengaluru,NO,2016,8784,8784,8415,4.2,0.26,250.88,0,0.0
Bengaluru,NO,2017,8760,8760,8724,0.41,0.11,192.48,0,0.0
Bengaluru,NO,2018,8760,8760,8610,1.71,0.51,244.31,0,0.0
Bengaluru,NO,2019,8760,8760,8759,0.01,1.28,141.1,0,0.0
Bengaluru,NO,2020,4369,4369,4369,0.0,1.03,98.14,0,0.0
Bengaluru,NO2,2015,8759,8759,8692,0.76,0.06,155.31,0,0.0
Bengaluru,NO2,2016,8784,8784,8418,4.17,0.38,246.99,0,0.0
Bengaluru,NO2,2017,8760,8760,8724,0.41,5.33,362.12,0,0.0
Bengaluru,NO2,2018,8760,8760,8610,1.71,0.27,240.49,0,0.0
Bengaluru,NO2,2019,8760,8760,8759,0.01,6.0,120.73,0,0.0
Bengaluru,NO2,2020,4369,4369,4369,0.0,5.51,141.86,0,0.0
Bengaluru,NOx,2015,8759,8759,8682,0.88,0.01,138.44,0,0.0
Bengaluru,NOx,2016,8784,8784,8025,8.64,0.0,326.4,0,0.0
Bengaluru,NOx,2017,8760,8760,7512,14.25,0.0,193.73,0,0.0
Bengaluru,NOx,2018,8760,8760,8757,0.03,0.0,312.96,0,0.0
Bengaluru,NOx,2019,8760,8760,8759,0.01,6.61,191.66,0,0.0
Bengaluru,NOx,2020,4369,4369,4369,0.0,6.38,208.4,0,0.0
Bengaluru,O3,2015,8759,8759,8007,8.59,0.72,190.21,0,0.0
Bengaluru,O3,2016,8784,8784,6475,26.29,2.43,199.94,0,0.0
Bengaluru,O3,2017,8760,8760,7340,16.21,0.77,196.22,0,0.0
Bengaluru,O3,2018,8760,8760,8006,8.61,0.08,141.31,0,0.0
Bengaluru,O3,2019,8760,8760,8759,0.01,3.73,154.3,0,0.0
Bengaluru,O3,2020,4369,4369,4369,0.0,5.11,156.7,0,0.0
Bengaluru,PM10,2015,8759,8759,1105,87.38,0.42,272.47,0,0.0
Bengaluru,PM10,2016,8784,8784,7255,17.41,0.2,999.99,0,0.0
Bengaluru,PM10,2017,8760,8760,7818,10.75,0.01,789.4,0,0.0
Bengaluru,PM10,2018,8760,8760,7899,9.83,0.58,722.18,0,0.0
Bengaluru,PM10,2019,8760,8760,8759,0.01,8.12,266.03,0,0.0
Bengaluru,PM10,2020,4369,4369,4369,0.0,6.95,382.84,0,0.0
Bengaluru,PM2.5,2015,8759,8759,6795,22.42,0.27,500.26,0,0.0
Bengaluru,PM2.5,2016,8784,8784,7097,19.21,0.01,999.99,0,0.0
Bengaluru,PM2.5,2017,8760,8760,8359,4.58,0.01,999.99,0,0.0
Bengaluru,PM2.5,2018,8760,8760,8182,6.6,0.23,999.99,0,0.0
Bengaluru,PM2.5,2019,8760,8760,8759,0.01,4.74,222.57,0,0.0
Bengaluru,PM2.5,2020,4369,4369,4369,0.0,5.03,207.64,0,0.0
Bengaluru,SO2,2015,8759,8759,8584,2.0,0.01,198.3,0,0.0
Bengaluru,SO2,2016,8784,8784,8406,4.3,0.02,69.24,0,0.0
Bengaluru,SO2,2017,8760,8760,8721,0.45,0.12,69.73,0,0.0
Bengaluru,SO2,2018,8760,8760,8608,1.74,0.13,63.97,0,0.0
Bengaluru,SO2,2019,8760,8760,8759,0.01,2.09,26.88,0,0.0
Bengaluru,SO2,2020,4369,4369,4369,0.0,2.39,26.78,0,0.0
Bengaluru,Toluene,2015,8759,8759,5471,37.54,0.0,499.4,0,0.0
Bengaluru,Toluene,2016,8784,8784,6126,30.26,0.0,215.9,0,0.0
Bengaluru,Toluene,2017,8760,8760,7767,11.34,0.0,35.65,0,0.0
Bengaluru,Toluene,2018,8760,8760,8501,2.96,0.0,102.35,0,0.0
Bengaluru,Toluene,2019,8760,8760,8759,0.01,0.13,71.84,0,0.0
Bengaluru,Toluene,2020,4369,4369,4369,0.0,0.18,77.22,0,0.0
Bengaluru,Xylene,2015,8759,8759,0,100.0,,,0,
Bengaluru,Xylene,2016,8784,8784,0,100.0,,,0,
Bengaluru,Xylene,2017,8760,8760,0,100.0,,,0,
Bengaluru,Xylene,2018,8760,8760,0,100.0,,,0,
Bengaluru,Xylene,2019,8760,8760,0,100.0,,,0,
Bengaluru,Xylene,2020,4369,4369,0,100.0,,,0,
Chennai,Benzene,2015,8759,8759,1680,80.82,0.01,391.88,0,0.0
Chennai,Benzene,2016,8784,8784,7099,19.18,0.0,133.39,0,0.0
Chennai,Benzene,2017,8760,8760,8684,0.87,0.0,120.4,0,0.0
Chennai,Benzene,2018,8760,8760,8609,1.72,0.0,28.5,0,0.0
Chennai,Benzene,2019,8760,8760,8754,0.07,0.0,34.77,0,0.0
Chennai,Benzene,2020,4369,4369,4369,0.0,0.0,90.15,0,0.0
Chennai,CO,2015,8759,8759,8613,1.67,0.01,44.74,0,0.0
Chennai,CO,2016,8784,8784,7857,10.55,0.0,46.8,0,0.0
Chennai,CO,2017,8760,8760,8706,0.62,0.0,20.12,0,0.0
Chennai,CO,2018,8760,8760,8756,0.05,0.0,7.53,0,0.0
Chennai,CO,2019,8760,8760,8758,0.02,0.18,3.26,0,0.0
Chennai,CO,2020,4369,4369,4369,0.0,0.22,3.11,0,0.0
Chennai,NH3,2015,8759,8759,8338,4.81,0.62,499.97,0,0.0
Chennai,NH3,2016,8784,8784,4227,51.88,0.01,483.63,0,0.0
Chennai,NH3,2017,8760,8760,1994,77.24,4.16,497.95,0,0.0
Chennai,NH3,2018,8760,8760,8476,3.24,0.23,469.28,0,0.0
Chennai,NH3,2019,8760,8760,8043,8.18,0.01,416.96,0,0.0
Chennai,NH3,2020,4369,4369,4358,0.25,0.15,275.45,0,0.0
Chennai,NO,2015,8759,8759,8671,1.0,1.08,201.55,0,0.0
Chennai,NO,2016,8784,8784,7824,10.93,0.04,68.65,0,0.0
Chennai,NO,2017,8760,8760,8576,2.1,0.01,165.33,0,0.0
Chennai,NO,2018,8760,8760,8755,0.06,1.53,145.76,0,0.0
Chennai,NO,2019,8760,8760,8758,0.02,0.77,202.49,0,0.0
Chennai,NO,2020,4369,4369,4369,0.0,0.26,86.24,0,0.0
Chennai,NO2,2015,8759,8759,8644,1.31,2.74,472.53,0,0.0
Chennai,NO2,2016,8784,8784,7826,10.91,0.05,107.78,0,0.0
Chennai,NO2,2017,8760,8760,8584,2.01,0.22,179.48,0,0.0
Chennai,NO2,2018,8760,8760,8755,0.06,5.09,204.61,0,0.0
Chennai,NO2,2019,8760,8760,8758,0.02,3.8,150.43,0,0.0
Chennai,NO2,2020,4369,4369,4369,0.0,1.78,50.58,0,0.0
Chennai,NOx,2015,8759,8759,8667,1.05,0.9,174.31,0,0.0
Chennai,NOx,2016,8784,8784,7838,10.77,0.0,243.52,0,0.0
Chennai,NOx,2017,8760,8760,8611,1.7,0.0,169.01,0,0.0
Chennai,NOx,2018,8760,8760,8756,0.05,0.0,256.47,0,0.0
Chennai,NOx,2019,8760,8760,8758,0.02,4.96,231.55,0,0.0
Chennai,NOx,2020,4369,4369,4369,0.0,5.2,93.96,0,0.0
Chennai,O3,2015,8759,8759,8312,5.1,0.01,198.37,0,0.0
Chennai,O3,2016,8784,8784,7640,13.02,0.36,188.77,0,0.0
Chennai,O3,2017,8760,8760,8578,2.08,0.11,185.2,0,0.0
Chennai,O3,2018,8760,8760,8730,0.34,1.25,163.58,0,0.0
Chennai,O3,2019,8760,8760,8754,0.07,1.21,196.1,0,0.0
Chennai,O3,2020,4369,4369,4369,0.0,0.14,135.76,0,0.0
Chennai,PM10,2015,8759,8759,0,100.0,,,0,
Chennai,PM10,2016,8784,8784,0,100.0,,,0,
Chennai,PM10,2017,8760,8760,0,100.0,,,0,
Chennai,PM10,2018,8760,8760,0,100.0,,,0,
Chennai,PM10,2019,8760,8760,3391,61.29,0.05,461.51,0,0.0
Chennai,PM10,2020,4369,4369,2418,44.66,0.01,986.62,0,0.0
Chennai,PM2.5,2015,8759,8759,6570,24.99,0.02,846.68,0,0.0
Chennai,PM2.5,2016,8784,8784,7836,10.79,0.4,517.97,0,0.0
Chennai,PM2.5,2017,8760,8760,8587,1.97,0.34,999.99,0,0.0
Chennai,PM2.5,2018,8760,8760,8756,0.05,4.0,453.36,0,0.0
Chennai,PM2.5,2019,8760,8760,8758,0.02,1.51,505.06,0,0.0
Chennai,PM2.5,2020,4369,4369,4369,0.0,0.8,428.37,0,0.0
Chennai,SO2,2015,8759,8759,8612,1.68,0.04,139.34,0,0.0
Chennai,SO2,2016,8784,8784,7833,10.83,0.08,141.26,0,0.0
Chennai,SO2,2017,8760,8760,8581,2.04,0.03,134.07,0,0.0
Chennai,SO2,2018,8760,8760,8756,0.05,0.22,89.54,0,0.0
Chennai,SO2,2019,8760,8760,8758,0.02,0.21,90.98,0,0.0
Chennai,SO2,2020,4369,4369,4369,0.0,0.91,63.12,0,0.0
Chennai,Toluene,2015,8759,8759,1771,79.78,0.01,265.98,0,0.0
Chennai,Toluene,2016,8784,8784,7150,18.6,0.0,180.13,0,0.0
Chennai,Toluene,2017,8760,8760,8683,0.88,0.0,136.98,0,0.0
Chennai,Toluene,2018,8760,8760,8607,1.75,0.0,104.33,0,0.0
Chennai,Toluene,2019,8760,8760,8754,0.07,0.0,85.35,0,0.0
Chennai,Toluene,2020,4369,4369,4369,0.0,0.0,12.13,0,0.0
Chennai,Xylene,2015,8759,8759,0,100.0,,,0,
Chennai,Xylene,2016,8784,8784,0,100.0,,,0,
Chennai,Xylene,2017,8760,8760,0,100.0,,,0,
Chennai,Xylene,2018,8760,8760,0,100.0,,,0,
Chennai,Xylene,2019,8760,8760,0,100.0,,,0,
Chennai,Xylene,2020,4369,4369,0,100.0,,,0,
Delhi,Benzene,2015,8759,8759,8759,0.0,0.0,93.34,0,0.0
Delhi,Benzene,2016,8784,8784,8746,0.43,0.0,26.62,0,0.0
Delhi,Benzene,2017,8760,8760,8760,0.0,0.0,64.87,0,0.0
Delhi,Benzene,2018,8760,8760,8760,0.0,0.27,18.69,0,0.0
Delhi,Benzene,2019,8760,8760,8760,0.0,0.44,17.82,0,0.0
Delhi,Benzene,2020,4369,4369,4369,0.0,0.49,16.08,0,0.0
Delhi,CO,2015,8759,8759,8667,1.05,0.0,47.42,0,0.0
Delhi,CO,2016,8784,8784,8512,3.1,0.0,39.9,0,0.0
Delhi,CO,2017,8760,8760,8760,0.0,0.0,8.4,0,0.0
Delhi,CO,2018,8760,8760,8760,0.0,0.34,5.32,0,0.0
Delhi,CO,2019,8760,8760,8760,0.0,0.44,5.58,0,0.0
Delhi,CO,2020,4369,4369,4369,0.0,0.41,5.95,0,0.0
Delhi,NH3,2015,8759,8759,8688,0.81,2.86,485.52,0,0.0
Delhi,NH3,2016,8784,8784,8429,4.04,1.38,187.16,0,0.0
Delhi,NH3,2017,8760,8760,8206,6.32,0.57,245.56,0,0.0
Delhi,NH3,2018,8760,8760,8760,0.0,14.09,130.86,0,0.0
Delhi,NH3,2019,8760,8760,8760,0.0,13.09,84.57,0,0.0
Delhi,NH3,2020,4369,4369,4369,0.0,18.84,78.57,0,0.0
Delhi,NO,2015,8759,8759,8758,0.01,1.49,332.45,0,0.0
Delhi,NO,2016,8784,8784,8748,0.41,0.64,497.4,0,0.0
Delhi,NO,2017,8760,8760,8499,2.98,0.05,481.28,0,0.0
Delhi,NO,2018,8760,8760,8760,0.0,4.16,247.23,0,0.0
Delhi,NO,2019,8760,8760,8760,0.0,2.97,270.4,0,0.0
Delhi,NO,2020,4369,4369,4369,0.0,3.57,215.96,0,0.0
Delhi,NO2,2015,8759,8759,8759,0.0,2.66,201.52,0,0.0
Delhi,NO2,2016,8784,8784,8711,0.83,3.99,295.84,0,0.0
Delhi,NO2,2017,8760,8760,8503,2.93,4.9,337.82,0,0.0
Delhi,NO2,2018,8760,8760,8760,0.0,12.79,167.76,0,0.0
Delhi,NO2,2019,8760,8760,8760,0.0,15.26,188.27,0,0.0
Delhi,NO2,2020,4369,4369,4369,0.0,10.22,116.05,0,0.0
Delhi,NOx,2015,8759,8759,8757,0.02,7.69,433.78,0,0.0
Delhi,NOx,2016,8784,8784,8761,0.26,0.0,363.36,0,0.0
Delhi,NOx,2017,8760,8760,8760,0.0,0.0,209.68,0,0.0
Delhi,NOx,2018,8760,8760,8760,0.0,0.0,259.58,0,0.0
Delhi,NOx,2019,8760,8760,8760,0.0,13.97,303.06,0,0.0
Delhi,NOx,2020,4369,4369,4369,0.0,8.72,238.12,0,0.0
Delhi,O3,2015,8759,8759,8744,0.17,0.06,288.42,0,0.0
Delhi,O3,2016,8784,8784,8674,1.25,0.64,497.62,0,0.0
Delhi,O3,2017,8760,8760,6684,23.7,3.65,164.53,0,0.0
Delhi,O3,2018,8760,8760,8760,0.0,8.73,133.25,0,0.0
Delhi,O3,2019,8760,8760,8760,0.0,11.32,141.06,0,0.0
Delhi,O3,2020,4369,4369,4369,0.0,9.31,123.5,0,0.0
Delhi,PM10,2015,8759,8759,8459,3.43,6.98,976.99,0,0.0
Delhi,PM10,2016,8784,8784,8279,5.75,5.11,999.75,0,0.0
Delhi,PM10,2017,8760,8760,7144,18.45,2.99,978.97,0,0.0
Delhi,PM10,2018,8760,8760,8760,0.0,12.96,873.23,0,0.0
Delhi,PM10,2019,8760,8760,8760,0.0,8.38,1000.0,0,0.0
Delhi,PM10,2020,4369,4369,4369,0.0,14.07,703.92,0,0.0
Delhi,PM2.5,2015,8759,8759,8735,0.27,10.17,533.21,0,0.0
Delhi,PM2.5,2016,8784,8784,8708,0.87,7.18,882.0,0,0.0
Delhi,PM2.5,2017,8760,8760,8485,3.14,0.05,938.5,0,0.0
Delhi,PM2.5,2018,8760,8760,8760,0.0,10.55,682.16,0,0.0
Delhi,PM2.5,2019,8760,8760,8760,0.0,7.47,847.97,0,0.0
Delhi,PM2.5,2020,4369,4369,4369,0.0,7.43,611.38,0,0.0
Delhi,SO2,2015,8759,8759,8754,0.06,0.16,112.67,0,0.0
Delhi,SO2,2016,8784,8784,8698,0.98,0.28,187.05,0,0.0
Delhi,SO2,2017,8760,8760,5999,31.52,0.02,131.26,0,0.0
Delhi,SO2,2018,8760,8760,8760,0.0,2.69,62.4,0,0.0
Delhi,SO2,2019,8760,8760,8760,0.0,5.23,69.71,0,0.0
Delhi,SO2,2020,4369,4369,4369,0.0,5.8,45.56,0,0.0
Delhi,Toluene,2015,8759,8759,8759,0.0,0.0,117.26,0,0.0
Delhi,Toluene,2016,8784,8784,8758,0.3,0.0,117.16,0,0.0
Delhi,Toluene,2017,8760,8760,8760,0.0,0.0,104.65,0,0.0
Delhi,Toluene,2018,8760,8760,8760,0.0,0.49,162.0,0,0.0
Delhi,Toluene,2019,8760,8760,8760,0.0,2.5,149.53,0,0.0
Delhi,Toluene,2020,4369,4369,4369,0.0,3.87,122.36,0,0.0
Delhi,Xylene,2015,8759,8759,5050,42.35,0.0,100.27,0,0.0
Delhi,Xylene,2016,8784,8784,7,99.92,0.0,0.0,0,0.0
Delhi,Xylene,2017,8760,8760,2357,73.09,0.0,6.67,0,0.0
Delhi,Xylene,2018,8760,8760,8745,0.17,0.0,158.83,0,0.0
Delhi,Xylene,2019,8760,8760,8760,0.0,0.0,22.58,0,0.0
Delhi,Xylene,2020,4369,4369,4369,0.0,0.0,92.85,0,0.0
Hyderabad,Benzene,2015,8674,8674,5828,32.81,0.0,10.51,0,0.0
Hyderabad,Benzene,2016,8784,8784,8235,6.25,0.0,7.78,0,0.0
Hyderabad,Benzene,2017,8760,8760,8728,0.37,0.0,19.71,0,0.0
Hyderabad,Benzene,2018,8760,8760,8756,0.05,0.09,67.6,0,0.0
Hyderabad,Benzene,2019,8760,8760,8760,0.0,0.0,48.13,0,0.0
Hyderabad,Benzene,2020,4369,4369,4369,0.0,0.0,79.59,0,0.0
Hyderabad,CO,2015,8674,8674,8496,2.05,0.01,26.64,0,0.0
Hyderabad,CO,2016,8784,8784,8604,2.05,0.0,33.8,0,0.0
Hyderabad,CO,2017,8760,8760,8728,0.37,0.0,10.08,0,0.0
Hyderabad,CO,2018,8760,8760,8755,0.06,0.08,10.38,0,0.0
Hyderabad,CO,2019,8760,8760,8760,0.0,0.11,2.33,0,0.0
Hyderabad,CO,2020,4369,4369,4369,0.0,0.12,2.21,0,0.0
Hyderabad,NH3,2015,8674,8674,2236,74.22,1.4,79.8,0,0.0
Hyderabad,NH3,2016,8784,8784,5961,32.14,0.1,167.75,0,0.0
Hyderabad,NH3,2017,8760,8760,8313,5.1,0.03,224.63,0,0.0
Hyderabad,NH3,2018,8760,8760,8756,0.05,5.15,144.07,0,0.0
Hyderabad,NH3,2019,8760,8760,8760,0.0,3.11,118.19,0,0.0
Hyderabad,NH3,2020,4369,4369,4369,0.0,5.44,107.07,0,0.0
Hyderabad,NO,2015,8674,8674,8506,1.94,0.06,304.89,0,0.0
Hyderabad,NO,2016,8784,8784,7793,11.28,0.1,137.45,0,0.0
Hyderabad,NO,2017,8760,8760,8510,2.85,0.03,235.7,0,0.0
Hyderabad,NO,2018,8760,8760,8756,0.05,0.7,104.25,0,0.0
Hyderabad,NO,2019,8760,8760,8760,0.0,0.58,91.75,0,0.0
Hyderabad,NO,2020,4369,4369,4369,0.0,0.86,168.6,0,0.0
Hyderabad,NO2,2015,8674,8674,8501,1.99,0.28,181.52,0,0.0
Hyderabad,NO2,2016,8784,8784,7793,11.28,0.15,177.5,0,0.0
Hyderabad,NO2,2017,8760,8760,8510,2.85,1.03,244.65,0,0.0
Hyderabad,NO2,2018,8760,8760,8756,0.05,7.47,124.13,0,0.0
Hyderabad,NO2,2019,8760,8760,8760,0.0,3.25,123.77,0,0.0
Hyderabad,NO2,2020,4369,4369,4369,0.0,9.75,97.53,0,0.0
Hyderabad,NOx,2015,8674,8674,8505,1.95,1.21,403.82,0,0.0
Hyderabad,NOx,2016,8784,8784,8537,2.81,0.0,211.62,0,0.0
Hyderabad,NOx,2017,8760,8760,8724,0.41,0.0,214.32,0,0.0
Hyderabad,NOx,2018,8760,8760,8756,0.05,4.98,138.21,0,0.0
Hyderabad,NOx,2019,8760,8760,8760,0.0,2.83,101.42,0,0.0
Hyderabad,NOx,2020,4369,4369,4369,0.0,6.11,108.82,0,0.0
Hyderabad,O3,2015,8674,8674,8381,3.38,0.01,156.01,0,0.0
Hyderabad,O3,2016,8784,8784,7868,10.43,0.03,179.1,0,0.0
Hyderabad,O3,2017,8760,8760,8485,3.14,0.25,193.05,0,0.0
Hyderabad,O3,2018,8760,8760,8756,0.05,2.3,117.77,0,0.0
Hyderabad,O3,2019,8760,8760,8760,0.0,2.69,117.19,0,0.0
Hyderabad,O3,2020,4369,4369,4369,0.0,5.99,75.57,0,0.0
Hyderabad,PM10,2015,8674,8674,2280,73.71,9.0,149.0,0,0.0
Hyderabad,PM10,2016,8784,8784,5942,32.35,1.0,149.0,0,0.0
Hyderabad,PM10,2017,8760,8760,8479,3.21,3.0,547.75,0,0.0
Hyderabad,PM10,2018,8760,8760,8756,0.05,3.67,244.1,0,0.0
Hyderabad,PM10,2019,8760,8760,8760,0.0,7.33,185.25,0,0.0
Hyderabad,PM10,2020,4369,4369,4369,0.0,8.58,180.45,0,0.0
Hyderabad,PM2.5,2015,8674,8674,6468,25.43,6.0,995.0,0,0.0
Hyderabad,PM2.5,2016,8784,8784,7650,12.91,0.1,995.0,0,0.0
Hyderabad,PM2.5,2017,8760,8760,8504,2.92,0.25,310.25,0,0.0
Hyderabad,PM2.5,2018,8760,8760,8756,0.05,3.56,88.29,0,0.0
Hyderabad,PM2.5,2019,8760,8760,8760,0.0,2.88,194.08,0,0.0
Hyderabad,PM2.5,2020,4369,4369,4369,0.0,4.79,106.25,0,0.0
Hyderabad,SO2,2015,8674,8674,8380,3.39,0.05,132.31,0,0.0
Hyderabad,SO2,2016,8784,8784,7765,11.6,0.02,143.58,0,0.0
Hyderabad,SO2,2017,8760,8760,8223,6.13,0.05,199.93,0,0.0
Hyderabad,SO2,2018,8760,8760,8756,0.05,1.68,69.58,0,0.0
Hyderabad,SO2,2019,8760,8760,8760,0.0,0.95,78.08,0,0.0
Hyderabad,SO2,2020,4369,4369,4369,0.0,1.3,45.6,0,0.0
Hyderabad,Toluene,2015,8674,8674,5767,33.51,0.0,78.61,0,0.0
Hyderabad,Toluene,2016,8784,8784,8150,7.22,0.0,83.43,0,0.0
Hyderabad,Toluene,2017,8760,8760,8728,0.37,0.0,105.82,0,0.0
Hyderabad,Toluene,2018,8760,8760,8756,0.05,0.35,164.18,0,0.0
Hyderabad,Toluene,2019,8760,8760,8760,0.0,0.0,128.68,0,0.0
Hyderabad,Toluene,2020,4369,4369,4369,0.0,0.06,109.53,0,0.0
Hyderabad,Xylene,2015,8674,8674,5767,33.51,0.0,189.11,0,0.0
Hyderabad,Xylene,2016,8784,8784,8150,7.22,0.0,28.62,0,0.0
Hyderabad,Xylene,2017,8760,8760,8728,0.37,0.0,39.2,0,0.0
Hyderabad,Xylene,2018,8760,8760,8756,0.05,0.0,85.79,0,0.0
Hyderabad,Xylene,2019,8760,8760,8760,0.0,0.0,68.8,0,0.0
Hyderabad,Xylene,2020,4369,4369,4369,0.0,0.0,34.67,0,0.0
Kolkata,Benzene,2018,6374,6374,6322,0.82,0.0,327.57,0,0.0
Kolkata,Benzene,2019,8760,8760,8753,0.08,0.0,165.65,0,0.0
Kolkata,Benzene,2020,4369,4369,4369,0.0,0.25,120.08,0,0.0
Kolkata,CO,2018,6374,6374,6353,0.33,0.0,5.69,0,0.0
Kolkata,CO,2019,8760,8760,8758,0.02,0.14,6.27,0,0.0
Kolkata,CO,2020,4369,4369,4369,0.0,0.19,4.78,0,0.0
Kolkata,NH3,2018,6374,6374,6302,1.13,0.01,439.05,0,0.0
Kolkata,NH3,2019,8760,8760,8756,0.05,2.51,256.15,0,0.0
Kolkata,NH3,2020,4369,4369,4369,0.0,5.32,71.69,0,0.0
Kolkata,NO,2018,6374,6374,5650,11.36,0.02,496.23,0,0.0
Kolkata,NO,2019,8760,8760,8719,0.47,1.11,498.97,0,0.0
Kolkata,NO,2020,4369,4369,4369,0.0,1.18,365.27,0,0.0
Kolkata,NO2,2018,6374,6374,5670,11.04,0.16,233.5,0,0.0
Kolkata,NO2,2019,8760,8760,8756,0.05,4.49,324.41,0,0.0
Kolkata,NO2,2020,4369,4369,4369,0.0,3.75,161.93,0,0.0
Kolkata,NOx,2018,6374,6374,6296,1.22,0.0,493.4,0,0.0
Kolkata,NOx,2019,8760,8760,8721,0.45,6.28,494.73,0,0.0
Kolkata,NOx,2020,4369,4369,4369,0.0,7.14,391.37,0,0.0
Kolkata,O3,2018,6374,6374,5034,21.02,0.02,170.42,0,0.0
Kolkata,O3,2019,8760,8760,8758,0.02,2.51,145.15,0,0.0
Kolkata,O3,2020,4369,4369,4369,0.0,3.14,153.32,0,0.0
Kolkata,PM10,2018,6374,6374,4947,22.39,0.75,999.99,0,0.0
Kolkata,PM10,2019,8760,8760,8755,0.06,9.12,747.22,0,0.0
Kolkata,PM10,2020,4369,4369,4369,0.0,10.55,424.28,0,0.0
Kolkata,PM2.5,2018,6374,6374,4936,22.56,0.02,871.24,0,0.0
Kolkata,PM2.5,2019,8760,8760,8756,0.05,3.3,686.1,0,0.0
Kolkata,PM2.5,2020,4369,4369,4369,0.0,2.04,234.82,0,0.0
Kolkata,SO2,2018,6374,6374,4780,25.01,0.07,131.19,0,0.0
Kolkata,SO2,2019,8760,8760,8758,0.02,0.32,78.34,0,0.0
Kolkata,SO2,2020,4369,4369,4369,0.0,2.61,80.2,0,0.0
Kolkata,Toluene,2018,6374,6374,6313,0.96,0.0,250.0,0,0.0
Kolkata,Toluene,2019,8760,8760,8756,0.05,0.0,250.33,0,0.0
Kolkata,Toluene,2020,4369,4369,4369,0.0,1.14,120.2,0,0.0
Kolkata,Xylene,2018,6374,6374,0,100.0,,,0,
Kolkata,Xylene,2019,8760,8760,4985,43.09,0.0,39.5,0,0.0
Kolkata,Xylene,2020,4369,4369,4367,0.05,0.06,19.09,0,0.0
Lucknow,Benzene,2015,8759,8759,7202,17.78,0.01,66.45,0,0.0
Lucknow,Benzene,2016,8784,8784,6474,26.3,0.0,310.47,0,0.0
Lucknow,Benzene,2017,8760,8760,8326,4.95,0.0,69.64,0,0.0
Lucknow,Benzene,2018,8760,8760,8758,0.02,0.0,54.91,0,0.0
Lucknow,Benzene,2019,8760,8760,8759,0.01,0.0,45.82,0,0.0
Lucknow,Benzene,2020,4369,4369,4368,0.02,0.0,132.81,0,0.0
Lucknow,CO,2015,8759,8759,7241,17.33,0.0,50.0,0,0.0
Lucknow,CO,2016,8784,8784,4549,48.21,0.0,48.47,0,0.0
Lucknow,CO,2017,8760,8760,6227,28.92,0.0,48.88,0,0.0
Lucknow,CO,2018,8760,8760,8758,0.02,0.0,18.64,0,0.0
Lucknow,CO,2019,8760,8760,8759,0.01,0.05,4.99,0,0.0
Lucknow,CO,2020,4369,4369,4369,0.0,0.12,7.02,0,0.0
Lucknow,NH3,2015,8759,8759,0,100.0,,,0,
Lucknow,NH3,2016,8784,8784,0,100.0,,,0,
Lucknow,NH3,2017,8760,8760,2264,74.16,0.03,153.1,0,0.0
Lucknow,NH3,2018,8760,8760,8376,4.38,4.8,476.47,0,0.0
Lucknow,NH3,2019,8760,8760,8509,2.87,0.03,397.65,0,0.0
Lucknow,NH3,2020,4369,4369,3979,8.93,0.01,138.2,0,0.0
Lucknow,NO,2015,8759,8759,8539,2.51,0.07,278.49,0,0.0
Lucknow,NO,2016,8784,8784,7823,10.94,0.01,489.27,0,0.0
Lucknow,NO,2017,8760,8760,8609,1.72,0.06,369.85,0,0.0
Lucknow,NO,2018,8760,8760,8751,0.1,0.23,323.29,0,0.0
Lucknow,NO,2019,8760,8760,8759,0.01,2.09,315.06,0,0.0
Lucknow,NO,2020,4369,4369,4369,0.0,1.1,245.0,0,0.0
Lucknow,NO2,2015,8759,8759,8578,2.07,0.02,257.64,0,0.0
Lucknow,NO2,2016,8784,8784,7843,10.71,0.07,242.38,0,0.0
Lucknow,NO2,2017,8760,8760,8604,1.78,2.88,242.95,0,0.0
Lucknow,NO2,2018,8760,8760,8751,0.1,4.02,241.8,0,0.0
Lucknow,NO2,2019,8760,8760,8759,0.01,3.73,218.76,0,0.0
Lucknow,NO2,2020,4369,4369,4369,0.0,3.34,209.71,0,0.0
Lucknow,NOx,2015,8759,8759,8580,2.04,2.21,57.9,0,0.0
Lucknow,NOx,2016,8784,8784,5899,32.84,2.21,185.8,0,0.0
Lucknow,NOx,2017,8760,8760,3071,64.94,2.73,290.8,0,0.0
Lucknow,NOx,2018,8760,8760,8758,0.02,11.07,360.38,0,0.0
Lucknow,NOx,2019,8760,8760,8759,0.01,4.22,286.06,0,0.0
Lucknow,NOx,2020,4369,4369,4369,0.0,3.2,266.24,0,0.0
Lucknow,O3,2015,8759,8759,8586,1.98,0.81,153.38,0,0.0
Lucknow,O3,2016,8784,8784,7937,9.64,0.07,194.08,0,0.0
Lucknow,O3,2017,8760,8760,8567,2.2,1.14,198.37,0,0.0
Lucknow,O3,2018,8760,8760,8614,1.67,1.2,196.3,0,0.0
Lucknow,O3,2019,8760,8760,8759,0.01,1.76,130.19,0,0.0
Lucknow,O3,2020,4369,4369,4368,0.02,1.07,91.41,0,0.0
Lucknow,PM10,2015,8759,8759,0,100.0,,,0,
Lucknow,PM10,2016,8784,8784,0,100.0,,,0,
Lucknow,PM10,2017,8760,8760,0,100.0,,,0,
Lucknow,PM10,2018,8760,8760,0,100.0,,,0,
Lucknow,PM10,2019,8760,8760,0,100.0,,,0,
Lucknow,PM10,2020,4369,4369,0,100.0,,,0,
Lucknow,PM2.5,2015,8759,8759,6701,23.5,1.07,997.93,0,0.0
Lucknow,PM2.5,2016,8784,8784,7869,10.42,0.65,999.99,0,0.0
Lucknow,PM2.5,2017,8760,8760,8598,1.85,0.1,999.99,0,0.0
Lucknow,PM2.5,2018,8760,8760,8736,0.27,5.35,999.99,0,0.0
Lucknow,PM2.5,2019,8760,8760,8759,0.01,6.37,652.88,0,0.0
Lucknow,PM2.5,2020,4369,4369,4369,0.0,12.55,505.62,0,0.0
Lucknow,SO2,2015,8759,8759,7159,18.27,0.01,199.95,0,0.0
Lucknow,SO2,2016,8784,8784,7943,9.57,0.02,161.28,0,0.0
Lucknow,SO2,2017,8760,8760,8578,2.08,0.01,68.93,0,0.0
Lucknow,SO2,2018,8760,8760,8747,0.15,0.9,66.03,0,0.0
Lucknow,SO2,2019,8760,8760,8759,0.01,0.53,62.65,0,0.0
Lucknow,SO2,2020,4369,4369,4369,0.0,0.27,57.4,0,0.0
Lucknow,Toluene,2015,8759,8759,7188,17.94,0.01,144.71,0,0.0
Lucknow,Toluene,2016,8784,8784,5443,38.04,0.0,313.13,0,0.0
Lucknow,Toluene,2017,8760,8760,8367,4.49,0.0,233.03,0,0.0
Lucknow,Toluene,2018,8760,8760,8758,0.02,0.0,168.31,0,0.0
Lucknow,Toluene,2019,8760,8760,8759,0.01,0.0,216.54,0,0.0
Lucknow,Toluene,2020,4369,4369,4368,0.02,0.0,170.4,0,0.0
Lucknow,Xylene,2015,8759,8759,0,100.0,,,0,
Lucknow,Xylene,2016,8784,8784,0,100.0,,,0,
Lucknow,Xylene,2017,8760,8760,0,100.0,,,0,
Lucknow,Xylene,2018,8760,8760,0,100.0,,,0,
Lucknow,Xylene,2019,8760,8760,0,100.0,,,0,
Lucknow,Xylene,2020,4369,4369,0,100.0,,,0,
Mumbai,Benzene,2015,8759,8759,8407,4.02,0.0,0.0,0,0.0
Mumbai,Benzene,2016,8784,8784,4240,51.73,0.0,0.0,0,0.0
Mumbai,Benzene,2017,8760,8760,8126,7.24,0.0,17.48,0,0.0
Mumbai,Benzene,2018,8760,8760,7863,10.24,0.0,191.05,0,0.0
Mumbai,Benzene,2019,8760,8760,8656,1.19,0.0,37.76,0,0.0
Mumbai,Benzene,2020,4369,4369,4369,0.0,0.1,75.94,0,0.0
Mumbai,CO,2015,8759,8759,8635,1.42,0.0,0.0,0,0.0
Mumbai,CO,2016,8784,8784,8247,6.11,0.0,0.0,0,0.0
Mumbai,CO,2017,8760,8760,8525,2.68,0.0,0.01,0,0.0
Mumbai,CO,2018,8760,8760,7900,9.82,0.0,6.41,0,0.0
Mumbai,CO,2019,8760,8760,8628,1.51,0.01,7.13,0,0.0
Mumbai,CO,2020,4369,4369,4369,0.0,0.16,3.83,0,0.0
Mumbai,NH3,2015,8759,8759,0,100.0,,,0,
Mumbai,NH3,2016,8784,8784,0,100.0,,,0,
Mumbai,NH3,2017,8760,8760,0,100.0,,,0,
Mumbai,NH3,2018,8760,8760,0,100.0,,,0,
Mumbai,NH3,2019,8760,8760,5073,42.09,3.19,165.54,0,0.0
Mumbai,NH3,2020,4369,4369,4369,0.0,1.45,52.13,0,0.0
Mumbai,NO,2015,8759,8759,0,100.0,,,0,
Mumbai,NO,2016,8784,8784,0,100.0,,,0,
Mumbai,NO,2017,8760,8760,0,100.0,,,0,
Mumbai,NO,2018,8760,8760,4723,46.08,0.28,489.36,0,0.0
Mumbai,NO,2019,8760,8760,8507,2.89,0.93,406.54,0,0.0
Mumbai,NO,2020,4369,4369,4369,0.0,1.96,188.48,0,0.0
Mumbai,NO2,2015,8759,8759,0,100.0,,,0,
Mumbai,NO2,2016,8784,8784,0,100.0,,,0,
Mumbai,NO2,2017,8760,8760,0,100.0,,,0,
Mumbai,NO2,2018,8760,8760,4664,46.76,0.16,230.31,0,0.0
Mumbai,NO2,2019,8760,8760,8499,2.98,0.38,152.86,0,0.0
Mumbai,NO2,2020,4369,4369,4369,0.0,1.68,111.76,0,0.0
Mumbai,NOx,2015,8759,8759,8608,1.72,0.19,491.89,0,0.0
Mumbai,NOx,2016,8784,8784,4921,43.98,0.09,489.87,0,0.0
Mumbai,NOx,2017,8760,8760,1017,88.39,0.0,464.24,0,0.0
Mumbai,NOx,2018,8760,8760,7634,12.85,0.0,491.81,0,0.0
Mumbai,NOx,2019,8760,8760,8504,2.92,3.51,400.58,0,0.0
Mumbai,NOx,2020,4369,4369,4369,0.0,9.63,248.5,0,0.0
Mumbai,O3,2015,8759,8759,0,100.0,,,0,
Mumbai,O3,2016,8784,8784,0,100.0,,,0,
Mumbai,O3,2017,8760,8760,2,99.98,10.22,24.26,0,0.0
Mumbai,O3,2018,8760,8760,5227,40.33,3.34,169.99,0,0.0
Mumbai,O3,2019,8760,8760,8667,1.06,0.55,185.86,0,0.0
Mumbai,O3,2020,4369,4369,4369,0.0,4.39,118.85,0,0.0
Mumbai,PM10,2015,8759,8759,0,100.0,,,0,
Mumbai,PM10,2016,8784,8784,0,100.0,,,0,
Mumbai,PM10,2017,8760,8760,0,100.0,,,0,
Mumbai,PM10,2018,8760,8760,4430,49.43,0.01,862.64,0,0.0
Mumbai,PM10,2019,8760,8760,8596,1.87,5.53,453.98,0,0.0
Mumbai,PM10,2020,4369,4369,4369,0.0,4.32,344.14,0,0.0
Mumbai,PM2.5,2015,8759,8759,0,100.0,,,0,
Mumbai,PM2.5,2016,8784,8784,0,100.0,,,0,
Mumbai,PM2.5,2017,8760,8760,0,100.0,,,0,
Mumbai,PM2.5,2018,8760,8760,5152,41.19,0.05,689.24,0,0.0
Mumbai,PM2.5,2019,8760,8760,8663,1.11,0.01,445.22,0,0.0
Mumbai,PM2.5,2020,4369,4369,4369,0.0,2.24,146.82,0,0.0
Mumbai,SO2,2015,8759,8759,0,100.0,,,0,
Mumbai,SO2,2016,8784,8784,0,100.0,,,0,
Mumbai,SO2,2017,8760,8760,2,99.98,3.62,193.86,0,0.0
Mumbai,SO2,2018,8760,8760,5168,41.0,0.39,164.37,0,0.0
Mumbai,SO2,2019,8760,8760,8629,1.5,0.04,62.22,0,0.0
Mumbai,SO2,2020,4369,4369,4369,0.0,2.82,52.24,0,0.0
Mumbai,Toluene,2015,8759,8759,8375,4.38,0.0,0.0,0,0.0
Mumbai,Toluene,2016,8784,8784,4260,51.5,0.0,0.0,0,0.0
Mumbai,Toluene,2017,8760,8760,8104,7.49,0.0,46.72,0,0.0
Mumbai,Toluene,2018,8760,8760,2673,69.49,0.0,31.67,0,0.0
Mumbai,Toluene,2019,8760,8760,0,100.0,,,0,
Mumbai,Toluene,2020,4369,4369,0,100.0,,,0,
Mumbai,Xylene,2015,8759,8759,8160,6.84,0.0,0.0,0,0.0
Mumbai,Xylene,2016,8784,8784,4192,52.28,0.0,0.0,0,0.0
Mumbai,Xylene,2017,8760,8760,8040,8.22,0.0,41.78,0,0.0
Mumbai,Xylene,2018,8760,8760,2673,69.49,0.0,15.79,0,0.0
Mumbai,Xylene,2019,8760,8760,0,100.0,,,0,
Mumbai,Xylene,2020,4369,4369,0,100.0,,,0,
