city,pollutant,calendar_month,n_days_with_data,avg_value,min_daily_avg,max_daily_avg
Ahmedabad,Benzene,1,145,5.165,0.0,39.794
Ahmedabad,Benzene,2,132,3.6,0.0,50.611
Ahmedabad,Benzene,3,134,6.543,0.0,56.27
Ahmedabad,Benzene,4,103,5.146,0.0,17.222
Ahmedabad,Benzene,5,114,6.697,0.0,20.533
Ahmedabad,Benzene,6,112,5.428,0.0,29.456
Ahmedabad,Benzene,7,114,4.151,0.0,13.663
Ahmedabad,Benzene,8,116,3.31,0.0,32.197
Ahmedabad,Benzene,9,105,1.921,0.0,4.798
Ahmedabad,Benzene,10,122,5.282,0.0,35.01
Ahmedabad,Benzene,11,119,9.249,0.0,77.435
Ahmedabad,Benzene,12,93,6.326,0.0,29.826
Ahmedabad,CO,1,103,10.353,0.519,30.695
Ahmedabad,CO,2,87,11.38,1.079,22.833
Ahmedabad,CO,3,115,9.415,2.277,20.541
Ahmedabad,CO,4,103,8.389,0.283,22.237
Ahmedabad,CO,5,113,7.898,0.391,25.239
Ahmedabad,CO,6,113,13.18,0.414,40.088
Ahmedabad,CO,7,102,18.889,0.144,37.091
Ahmedabad,CO,8,114,18.808,6.084,39.21
Ahmedabad,CO,9,105,16.313,6.497,35.74
Ahmedabad,CO,10,106,11.867,1.41,24.016
Ahmedabad,CO,11,77,12.739,4.932,24.334
Ahmedabad,CO,12,87,9.719,1.889,19.837
Ahmedabad,NH3,1,0,,,
Ahmedabad,NH3,2,0,,,
Ahmedabad,NH3,3,0,,,
Ahmedabad,NH3,4,0,,,
Ahmedabad,NH3,5,0,,,
Ahmedabad,NH3,6,0,,,
Ahmedabad,NH3,7,0,,,
Ahmedabad,NH3,8,0,,,
Ahmedabad,NH3,9,0,,,
Ahmedabad,NH3,10,0,,,
Ahmedabad,NH3,11,0,,,
Ahmedabad,NH3,12,0,,,
Ahmedabad,NO,1,111,26.7,0.519,119.682
Ahmedabad,NO,2,103,32.295,1.079,147.569
Ahmedabad,NO,3,116,22.089,2.277,80.746
Ahmedabad,NO,4,103,15.747,2.28,75.708
Ahmedabad,NO,5,113,10.118,1.847,34.558
Ahmedabad,NO,6,117,15.704,2.306,44.957
Ahmedabad,NO,7,107,22.081,0.144,86.719
Ahmedabad,NO,8,119,22.231,6.084,89.851
Ahmedabad,NO,9,105,19.698,6.497,51.316
Ahmedabad,NO,10,116,25.245,1.41,112.706
Ahmedabad,NO,11,92,37.612,4.932,141.56
Ahmedabad,NO,12,91,20.923,1.889,102.293
Ahmedabad,NO2,1,112,68.818,11.653,273.387
Ahmedabad,NO2,2,104,79.931,10.447,201.585
Ahmedabad,NO2,3,117,63.28,14.142,156.213
Ahmedabad,NO2,4,108,44.468,13.278,128.867
Ahmedabad,NO2,5,114,34.989,0.081,112.682
Ahmedabad,NO2,6,117,53.625,9.528,277.311
Ahmedabad,NO2,7,114,54.56,0.118,184.401
Ahmedabad,NO2,8,119,33.827,7.39,73.54
Ahmedabad,NO2,9,105,50.252,5.455,239.762
Ahmedabad,NO2,10,116,73.656,5.037,246.976
Ahmedabad,NO2,11,92,104.895,12.697,292.02
Ahmedabad,NO2,12,91,65.185,11.32,110.07
Ahmedabad,NOx,1,114,50.732,0.0,169.273
Ahmedabad,NOx,2,103,62.761,13.947,254.602
Ahmedabad,NOx,3,116,46.532,10.248,141.581
Ahmedabad,NOx,4,103,36.037,9.31,95.056
Ahmedabad,NOx,5,114,28.03,2.746,80.776
Ahmedabad,NOx,6,117,42.454,8.233,162.63
Ahmedabad,NOx,7,114,49.404,7.767,122.969
Ahmedabad,NOx,8,119,42.038,15.882,119.187
Ahmedabad,NOx,9,105,45.915,15.12,157.055
Ahmedabad,NOx,10,122,58.89,15.403,199.606
Ahmedabad,NOx,11,94,71.178,0.0,197.092
Ahmedabad,NOx,12,91,38.563,7.76,88.27
Ahmedabad,O3,1,101,44.41,20.963,131.781
Ahmedabad,O3,2,99,46.127,7.94,107.421
Ahmedabad,O3,3,103,46.151,16.915,71.717
Ahmedabad,O3,4,101,40.029,4.623,77.881
Ahmedabad,O3,5,96,42.856,10.736,90.535
Ahmedabad,O3,6,96,35.603,0.719,122.088
Ahmedabad,O3,7,91,19.691,0.371,113.295
Ahmedabad,O3,8,107,25.459,1.402,98.334
Ahmedabad,O3,9,83,29.945,4.735,84.1
Ahmedabad,O3,10,112,48.421,5.999,165.657
Ahmedabad,O3,11,84,44.938,14.985,79.305
Ahmedabad,O3,12,85,49.686,4.585,105.686
Ahmedabad,PM10,1,23,112.097,66.539,161.094
Ahmedabad,PM10,2,27,143.903,97.03,242.98
Ahmedabad,PM10,3,29,107.207,37.124,153.05
Ahmedabad,PM10,4,30,81.561,61.788,112.617
Ahmedabad,PM10,5,48,97.809,56.902,177.872
Ahmedabad,PM10,6,40,106.211,62.279,156.326
Ahmedabad,PM10,7,27,112.568,80.672,172.359
Ahmedabad,PM10,8,29,136.607,50.034,199.336
Ahmedabad,PM10,9,23,76.773,33.909,123.181
Ahmedabad,PM10,10,29,137.058,52.969,215.194
Ahmedabad,PM10,11,30,111.984,69.152,217.529
Ahmedabad,PM10,12,29,110.245,76.391,163.955
Ahmedabad,PM2.5,1,85,79.358,18.025,149.26
Ahmedabad,PM2.5,2,101,88.425,32.759,259.637
Ahmedabad,PM2.5,3,116,78.415,20.671,237.765
Ahmedabad,PM2.5,4,102,75.31,21.266,220.949
Ahmedabad,PM2.5,5,111,52.255,19.148,130.345
Ahmedabad,PM2.5,6,113,43.802,11.908,143.692
Ahmedabad,PM2.5,7,112,49.032,4.658,350.569
Ahmedabad,PM2.5,8,119,43.59,10.453,170.215
Ahmedabad,PM2.5,9,100,36.436,3.542,69.117
Ahmedabad,PM2.5,10,121,95.865,20.102,365.342
Ahmedabad,PM2.5,11,92,97.065,33.685,349.084
Ahmedabad,PM2.5,12,88,77.647,37.282,238.417
Ahmedabad,SO2,1,109,66.149,10.674,156.594
Ahmedabad,SO2,2,97,68.871,19.56,146.555
Ahmedabad,SO2,3,112,60.758,9.224,171.32
Ahmedabad,SO2,4,106,40.488,3.3,115.709
Ahmedabad,SO2,5,82,65.759,12.656,164.477
Ahmedabad,SO2,6,111,32.996,0.536,148.544
Ahmedabad,SO2,7,107,26.681,1.42,132.411
Ahmedabad,SO2,8,116,34.835,3.782,161.754
Ahmedabad,SO2,9,101,40.268,3.687,118.736
Ahmedabad,SO2,10,111,66.148,6.488,162.567
Ahmedabad,SO2,11,84,102.618,15.751,181.56
Ahmedabad,SO2,12,91,71.487,18.804,137.178
Ahmedabad,Toluene,1,145,26.754,0.0,189.752
Ahmedabad,Toluene,2,132,24.224,0.0,163.639
Ahmedabad,Toluene,3,134,32.057,0.0,128.405
Ahmedabad,Toluene,4,103,25.948,0.0,63.307
Ahmedabad,Toluene,5,114,31.066,0.0,85.729
Ahmedabad,Toluene,6,112,42.685,0.0,256.087
Ahmedabad,Toluene,7,114,33.959,0.0,97.195
Ahmedabad,Toluene,8,116,16.665,0.0,51.617
Ahmedabad,Toluene,9,105,13.07,0.0,35.366
Ahmedabad,Toluene,10,122,20.499,0.0,102.647
Ahmedabad,Toluene,11,119,30.523,0.0,173.763
Ahmedabad,Toluene,12,93,32.022,0.0,139.455
Ahmedabad,Xylene,1,145,4.982,0.0,48.763
Ahmedabad,Xylene,2,132,4.454,0.0,35.608
Ahmedabad,Xylene,3,134,5.108,0.0,25.666
Ahmedabad,Xylene,4,103,4.899,0.0,28.132
Ahmedabad,Xylene,5,114,4.408,0.65,14.2
Ahmedabad,Xylene,6,112,3.39,0.0,56.493
Ahmedabad,Xylene,7,114,1.04,0.0,8.696
Ahmedabad,Xylene,8,116,0.986,0.0,16.894
Ahmedabad,Xylene,9,105,0.771,0.0,4.965
Ahmedabad,Xylene,10,121,5.178,0.0,113.439
Ahmedabad,Xylene,11,119,8.324,0.0,87.026
Ahmedabad,Xylene,12,93,6.148,0.0,28.35
Bengaluru,Benzene,1,153,3.889,0.0,46.897
Bengaluru,Benzene,2,133,1.625,0.0,21.652
Bengaluru,Benzene,3,146,1.545,0.0,21.328
Bengaluru,Benzene,4,134,2.188,0.0,39.429
Bengaluru,Benzene,5,167,2.956,0.09,39.172
Bengaluru,Benzene,6,140,1.025,0.014,5.668
Bengaluru,Benzene,7,106,2.614,0.311,23.092
Bengaluru,Benzene,8,105,2.189,0.292,27.761
Bengaluru,Benzene,9,100,0.728,0.179,1.651
Bengaluru,Benzene,10,107,0.957,0.0,3.02
Bengaluru,Benzene,11,139,1.258,0.0,11.692
Bengaluru,Benzene,12,123,1.43,0.0,9.068
Bengaluru,CO,1,182,1.695,0.0,17.395
Bengaluru,CO,2,162,1.605,0.335,15.928
Bengaluru,CO,3,174,2.212,0.107,29.931
Bengaluru,CO,4,161,1.138,0.0,14.573
Bengaluru,CO,5,159,0.897,0.151,8.494
Bengaluru,CO,6,162,1.145,0.296,8.691
Bengaluru,CO,7,128,1.942,0.376,29.212
Bengaluru,CO,8,122,1.47,0.0,34.045
Bengaluru,CO,9,130,0.905,0.202,8.498
Bengaluru,CO,10,144,1.151,0.0,10.903
Bengaluru,CO,11,137,1.081,0.278,5.38
Bengaluru,CO,12,152,1.077,0.21,2.95
Bengaluru,NH3,1,152,23.307,3.646,73.36
Bengaluru,NH3,2,134,22.587,3.832,98.389
Bengaluru,NH3,3,147,21.378,1.124,123.165
Bengaluru,NH3,4,132,19.678,5.419,45.687
Bengaluru,NH3,5,127,14.527,0.275,58.148
Bengaluru,NH3,6,142,18.721,1.926,75.141
Bengaluru,NH3,7,131,18.945,4.745,98.21
Bengaluru,NH3,8,139,22.622,0.17,50.583
Bengaluru,NH3,9,125,24.094,5.141,84.679
Bengaluru,NH3,10,142,22.652,5.647,51.903
Bengaluru,NH3,11,126,23.215,12.631,61.871
Bengaluru,NH3,12,132,25.071,9.496,92.651
Bengaluru,NO,1,185,13.218,1.369,95.189
Bengaluru,NO,2,170,9.023,1.535,29.45
Bengaluru,NO,3,181,7.769,2.382,42.329
Bengaluru,NO,4,178,5.979,1.702,27.607
Bengaluru,NO,5,185,6.689,0.747,69.97
Bengaluru,NO,6,173,6.168,0.46,32.779
Bengaluru,NO,7,149,9.934,1.068,54.792
Bengaluru,NO,8,147,10.613,1.372,49.24
Bengaluru,NO,9,150,9.647,1.747,31.663
Bengaluru,NO,10,155,11.904,1.732,38.943
Bengaluru,NO,11,150,11.046,0.872,40.065
Bengaluru,NO,12,155,12.493,1.547,60.143
Bengaluru,NO2,1,185,38.535,4.685,110.235
Bengaluru,NO2,2,170,36.315,14.463,102.775
Bengaluru,NO2,3,179,29.21,8.993,72.789
Bengaluru,NO2,4,178,22.856,4.856,53.654
Bengaluru,NO2,5,185,24.451,5.525,75.838
Bengaluru,NO2,6,174,19.186,4.38,45.045
Bengaluru,NO2,7,150,19.888,3.005,68.84
Bengaluru,NO2,8,147,19.838,5.525,42.15
Bengaluru,NO2,9,150,24.929,7.255,59.802
Bengaluru,NO2,10,155,31.091,15.26,71.633
Bengaluru,NO2,11,150,29.978,6.81,56.638
Bengaluru,NO2,12,155,39.294,20.186,142.353
Bengaluru,NOx,1,176,30.37,0.0,147.058
Bengaluru,NOx,2,168,22.849,0.0,56.961
Bengaluru,NOx,3,184,20.844,0.0,71.781
Bengaluru,NOx,4,179,17.319,0.0,55.02
Bengaluru,NOx,5,183,15.572,0.0,64.742
Bengaluru,NOx,6,170,13.437,0.0,38.972
Bengaluru,NOx,7,148,13.445,0.0,33.718
Bengaluru,NOx,8,142,14.93,0.0,38.66
Bengaluru,NOx,9,145,16.259,0.0,65.48
Bengaluru,NOx,10,152,24.161,0.0,73.776
Bengaluru,NOx,11,148,24.252,0.0,77.828
Bengaluru,NOx,12,154,27.369,0.0,106.255
Bengaluru,O3,1,170,40.428,8.668,81.548
Bengaluru,O3,2,157,42.593,12.279,78.02
Bengaluru,O3,3,171,45.906,8.93,89.882
Bengaluru,O3,4,147,50.539,7.027,102.029
Bengaluru,O3,5,163,36.098,7.956,82.307
Bengaluru,O3,6,149,21.212,6.609,65.622
Bengaluru,O3,7,122,20.999,3.534,56.818
Bengaluru,O3,8,142,16.788,3.001,54.928
Bengaluru,O3,9,141,21.605,5.01,49.22
Bengaluru,O3,10,136,24.263,6.426,50.217
Bengaluru,O3,11,140,31.123,3.144,77.535
Bengaluru,O3,12,124,32.512,1.829,80.568
Bengaluru,PM10,1,146,101.561,50.028,235.317
Bengaluru,PM10,2,132,97.563,26.939,193.588
Bengaluru,PM10,3,137,109.923,33.52,205.284
Bengaluru,PM10,4,137,94.062,20.844,318.015
Bengaluru,PM10,5,130,64.288,19.207,118.103
Bengaluru,PM10,6,140,54.054,15.461,210.28
Bengaluru,PM10,7,109,64.737,9.932,129.549
Bengaluru,PM10,8,105,60.555,11.73,116.594
Bengaluru,PM10,9,115,67.774,27.775,131.331
Bengaluru,PM10,10,113,89.537,35.112,264.902
Bengaluru,PM10,11,122,80.971,8.217,192.192
Bengaluru,PM10,12,142,88.799,19.226,181.409
Bengaluru,PM2.5,1,149,47.155,6.805,119.157
Bengaluru,PM2.5,2,142,45.219,21.308,134.694
Bengaluru,PM2.5,3,159,45.13,17.994,239.543
Bengaluru,PM2.5,4,159,36.99,13.3,190.967
Bengaluru,PM2.5,5,175,33.332,12.532,120.555
Bengaluru,PM2.5,6,161,22.477,7.847,115.975
Bengaluru,PM2.5,7,127,21.749,12.836,57.44
Bengaluru,PM2.5,8,146,21.881,3.913,113.843
Bengaluru,PM2.5,9,138,24.828,7.017,158.665
Bengaluru,PM2.5,10,148,36.2,9.628,122.408
Bengaluru,PM2.5,11,146,40.71,10.701,139.347
Bengaluru,PM2.5,12,150,48.329,1.724,216.761
Bengaluru,SO2,1,184,8.785,2.803,88.172
Bengaluru,SO2,2,169,6.108,1.037,23.658
Bengaluru,SO2,3,183,5.913,1.478,54.348
Bengaluru,SO2,4,178,5.459,1.539,52.328
Bengaluru,SO2,5,185,5.036,0.918,15.382
Bengaluru,SO2,6,174,5.39,1.332,17.448
Bengaluru,SO2,7,150,4.941,1.071,15.955
Bengaluru,SO2,8,147,4.47,0.726,7.811
Bengaluru,SO2,9,150,4.913,1.295,9.3
Bengaluru,SO2,10,155,5.098,1.366,10.836
Bengaluru,SO2,11,150,4.737,1.715,11.633
Bengaluru,SO2,12,155,5.406,2.161,11.073
Bengaluru,Toluene,1,161,4.954,0.223,40.794
Bengaluru,Toluene,2,139,1.99,0.021,13.726
Bengaluru,Toluene,3,168,7.112,0.251,196.72
Bengaluru,Toluene,4,155,3.166,0.277,17.985
Bengaluru,Toluene,5,171,2.531,0.386,12.634
Bengaluru,Toluene,6,145,1.686,0.25,7.688
Bengaluru,Toluene,7,121,2.264,0.305,24.5
Bengaluru,Toluene,8,109,6.453,0.0,209.766
Bengaluru,Toluene,9,110,1.961,0.348,7.609
Bengaluru,Toluene,10,123,2.168,0.042,8.936
Bengaluru,Toluene,11,140,3.605,0.0,40.693
Bengaluru,Toluene,12,146,8.894,0.0,44.93
Bengaluru,Xylene,1,0,,,
Bengaluru,Xylene,2,0,,,
Bengaluru,Xylene,3,0,,,
Bengaluru,Xylene,4,0,,,
Bengaluru,Xylene,5,0,,,
Bengaluru,Xylene,6,0,,,
Bengaluru,Xylene,7,0,,,
Bengaluru,Xylene,8,0,,,
Bengaluru,Xylene,9,0,,,
Bengaluru,Xylene,10,0,,,
Bengaluru,Xylene,11,0,,,
Bengaluru,Xylene,12,0,,,
Chennai,Benzene,1,151,1.344,0.0,13.236
Chennai,Benzene,2,141,1.676,0.0,19.185
Chennai,Benzene,3,159,1.353,0.0,29.024
Chennai,Benzene,4,153,0.94,0.0,9.425
Chennai,Benzene,5,161,0.728,0.0,8.813
Chennai,Benzene,6,142,0.477,0.0,7.654
Chennai,Benzene,7,120,0.603,0.0,17.478
Chennai,Benzene,8,121,1.235,0.0,41.928
Chennai,Benzene,9,115,0.477,0.0,10.656
Chennai,Benzene,10,121,0.312,0.0,3.882
Chennai,Benzene,11,120,0.233,0.0,2.01
Chennai,Benzene,12,109,1.002,0.0,8.989
Chennai,CO,1,184,0.872,0.0,7.352
Chennai,CO,2,170,1.016,0.0,9.989
Chennai,CO,3,186,1.145,0.0,11.018
Chennai,CO,4,180,1.243,0.0,13.095
Chennai,CO,5,186,1.363,0.0,10.289
Chennai,CO,6,164,1.063,0.0,2.925
Chennai,CO,7,151,1.235,0.0,20.621
Chennai,CO,8,155,1.042,0.0,5.899
Chennai,CO,9,150,1.351,0.026,11.672
Chennai,CO,10,155,0.865,0.0,7.617
Chennai,CO,11,150,0.812,0.0,4.342
Chennai,CO,12,135,0.757,0.0,6.31
Chennai,NH3,1,151,77.244,2.185,300.455
Chennai,NH3,2,118,64.983,0.387,123.21
Chennai,NH3,3,137,46.083,1.686,214.599
Chennai,NH3,4,147,43.969,1.33,192.653
Chennai,NH3,5,143,56.2,1.78,212.338
Chennai,NH3,6,128,38.683,4.275,140.692
Chennai,NH3,7,120,57.647,0.243,175.566
Chennai,NH3,8,95,44.825,8.425,136.687
Chennai,NH3,9,90,27.045,11.119,55.261
Chennai,NH3,10,118,62.194,10.294,297.951
Chennai,NH3,11,115,110.153,5.61,330.781
Chennai,NH3,12,116,131.145,15.804,385.11
Chennai,NO,1,184,11.037,3.521,55.041
Chennai,NO,2,170,8.82,4.055,22.11
Chennai,NO,3,186,10.452,1.873,46.92
Chennai,NO,4,179,10.227,1.76,59.443
Chennai,NO,5,186,9.468,1.893,56.447
Chennai,NO,6,164,7.933,1.797,15.098
Chennai,NO,7,152,7.654,3.143,16.142
Chennai,NO,8,150,7.89,2.095,24.62
Chennai,NO,9,148,8.455,2.636,23.476
Chennai,NO,10,151,10.629,3.047,32.025
Chennai,NO,11,150,8.49,3.214,33.322
Chennai,NO,12,133,8.581,2.283,18.2
Chennai,NO2,1,184,17.721,6.442,64.352
Chennai,NO2,2,170,14.034,6.087,26.047
Chennai,NO2,3,184,15.422,4.376,54.956
Chennai,NO2,4,179,16.237,4.085,69.157
Chennai,NO2,5,186,18.855,3.726,98.77
Chennai,NO2,6,164,16.229,6.23,34.446
Chennai,NO2,7,152,17.479,6.494,32.297
Chennai,NO2,8,150,15.418,6.751,33.023
Chennai,NO2,9,148,15.019,6.044,36.8
Chennai,NO2,10,151,18.491,9.934,33.676
Chennai,NO2,11,150,18.48,7.53,38.77
Chennai,NO2,12,133,18.283,5.498,36.422
Chennai,NOx,1,184,16.761,7.775,36.45
Chennai,NOx,2,170,15.901,7.375,40.208
Chennai,NOx,3,186,15.937,4.855,56.466
Chennai,NOx,4,179,14.825,6.561,49.333
Chennai,NOx,5,186,18.565,6.947,77.568
Chennai,NOx,6,164,17.24,6.669,38.483
Chennai,NOx,7,152,17.287,6.29,32.52
Chennai,NOx,8,150,18.251,6.918,42.123
Chennai,NOx,9,148,18.219,4.937,36.47
Chennai,NOx,10,151,20.761,9.157,56.007
Chennai,NOx,11,150,19.416,6.349,48.816
Chennai,NOx,12,133,21.046,4.921,37.553
Chennai,O3,1,182,33.313,9.158,82.715
Chennai,O3,2,170,32.011,14.019,79.413
Chennai,O3,3,183,31.062,6.848,114.819
Chennai,O3,4,172,29.286,9.099,62.758
Chennai,O3,5,181,39.285,13.478,81.712
Chennai,O3,6,163,40.396,9.943,83.422
Chennai,O3,7,143,24.635,4.462,66.127
Chennai,O3,8,147,23.982,4.863,67.282
Chennai,O3,9,147,31.907,7.231,68.755
Chennai,O3,10,151,34.437,6.877,79.47
Chennai,O3,11,150,35.752,4.383,92.04
Chennai,O3,12,133,32.727,4.587,69.625
Chennai,PM10,1,30,66.602,25.867,196.543
Chennai,PM10,2,28,65.317,38.29,102.043
Chennai,PM10,3,12,56.931,25.974,95.876
Chennai,PM10,4,1,185.821,185.821,185.821
Chennai,PM10,5,1,230.278,230.278,230.278
Chennai,PM10,6,26,43.906,22.169,130.885
Chennai,PM10,7,8,30.982,22.719,44.875
Chennai,PM10,8,20,33.587,21.624,55.113
Chennai,PM10,9,27,47.988,22.759,97.565
Chennai,PM10,10,29,60.436,26.191,196.291
Chennai,PM10,11,25,99.869,33.532,201.764
Chennai,PM10,12,27,61.258,35.982,90.014
Chennai,PM2.5,1,153,61.878,16.584,289.204
Chennai,PM2.5,2,142,56.406,12.774,199.975
Chennai,PM2.5,3,160,56.315,16.688,286.082
Chennai,PM2.5,4,176,45.314,6.545,106.273
Chennai,PM2.5,5,185,49.704,7.032,131.199
Chennai,PM2.5,6,164,48.962,18.502,129.491
Chennai,PM2.5,7,151,49.506,18.668,196.813
Chennai,PM2.5,8,150,40.108,13.028,85.387
Chennai,PM2.5,9,148,36.744,12.789,86.395
Chennai,PM2.5,10,151,50.469,14.928,226.736
Chennai,PM2.5,11,150,52.865,17.032,142.902
Chennai,PM2.5,12,133,55.677,17.79,138.074
Chennai,SO2,1,184,11.477,0.94,48.233
Chennai,SO2,2,170,8.245,2.15,26.993
Chennai,SO2,3,186,6.926,1.916,30.018
Chennai,SO2,4,178,5.571,0.836,30.668
Chennai,SO2,5,186,6.995,2.692,21.839
Chennai,SO2,6,164,6.562,2.591,14.348
Chennai,SO2,7,151,6.519,2.166,16.066
Chennai,SO2,8,150,8.221,2.339,22.808
Chennai,SO2,9,148,8.52,1.31,50.506
Chennai,SO2,10,151,9.342,1.925,27.344
Chennai,SO2,11,150,7.961,1.483,19.086
Chennai,SO2,12,133,8.44,1.495,21.79
Chennai,Toluene,1,132,1.492,0.0,10.011
Chennai,Toluene,2,144,2.065,0.0,24.5
Chennai,Toluene,3,161,1.702,0.0,10.24
Chennai,Toluene,4,153,2.437,0.0,11.141
Chennai,Toluene,5,165,2.046,0.0,22.231
Chennai,Toluene,6,149,2.443,0.0,27.06
Chennai,Toluene,7,117,2.188,0.0,25.05
Chennai,Toluene,8,124,3.128,0.0,29.999
Chennai,Toluene,9,120,2.03,0.0,28.032
Chennai,Toluene,10,125,1.627,0.0,24.922
Chennai,Toluene,11,120,1.253,0.0,7.075
Chennai,Toluene,12,109,0.958,0.0,5.58
Chennai,Xylene,1,0,,,
Chennai,Xylene,2,0,,,
Chennai,Xylene,3,0,,,
Chennai,Xylene,4,0,,,
Chennai,Xylene,5,0,,,
Chennai,Xylene,6,0,,,
Chennai,Xylene,7,0,,,
Chennai,Xylene,8,0,,,
Chennai,Xylene,9,0,,,
Chennai,Xylene,10,0,,,
Chennai,Xylene,11,0,,,
Chennai,Xylene,12,0,,,
Delhi,Benzene,1,186,5.2,1.048,17.148
Delhi,Benzene,2,170,4.037,0.327,13.748
Delhi,Benzene,3,186,3.158,0.905,10.661
Delhi,Benzene,4,180,3.282,0.5,12.577
Delhi,Benzene,5,186,2.96,0.669,7.678
Delhi,Benzene,6,180,2.356,0.105,8.078
Delhi,Benzene,7,153,1.843,0.0,7.202
Delhi,Benzene,8,155,1.746,0.0,8.348
Delhi,Benzene,9,150,1.991,0.084,6.51
Delhi,Benzene,10,155,4.327,0.239,13.022
Delhi,Benzene,11,150,5.93,1.426,20.635
Delhi,Benzene,12,155,5.782,1.869,10.84
Delhi,CO,1,185,3.063,0.031,15.203
Delhi,CO,2,170,2.908,0.0,16.233
Delhi,CO,3,183,2.54,0.205,14.42
Delhi,CO,4,175,2.158,0.0,11.65
Delhi,CO,5,184,2.322,0.397,11.946
Delhi,CO,6,180,1.306,0.0,11.94
Delhi,CO,7,149,1.055,0.0,7.229
Delhi,CO,8,155,0.973,0.0,3.778
Delhi,CO,9,150,0.961,0.123,2.99
Delhi,CO,10,154,1.552,0.185,3.147
Delhi,CO,11,150,1.876,0.412,3.488
Delhi,CO,12,153,2.635,0.612,30.44
Delhi,NH3,1,185,58.048,19.273,166.703
Delhi,NH3,2,170,47.414,16.49,137.267
Delhi,NH3,3,178,35.64,12.438,76.017
Delhi,NH3,4,175,35.346,16.946,68.326
Delhi,NH3,5,185,37.855,12.087,66.635
Delhi,NH3,6,175,39.696,23.723,75.004
Delhi,NH3,7,153,37.248,22.244,64.992
Delhi,NH3,8,139,31.65,17.645,45.357
Delhi,NH3,9,133,28.897,16.001,54.365
Delhi,NH3,10,154,39.785,6.781,95.271
Delhi,NH3,11,150,53.077,25.223,111.687
Delhi,NH3,12,155,57.989,27.412,163.068
Delhi,NO,1,186,53.993,10.383,221.027
Delhi,NO,2,170,45.856,8.213,190.343
Delhi,NO,3,186,32.11,4.099,135.804
Delhi,NO,4,180,32.598,5.483,156.786
Delhi,NO,5,186,28.72,3.57,150.241
Delhi,NO,6,175,19.156,4.053,96.105
Delhi,NO,7,153,18.323,6.513,67.541
Delhi,NO,8,145,22.063,5.425,54.852
Delhi,NO,9,150,23.244,7.22,88.162
Delhi,NO,10,155,56.995,12.824,229.6
Delhi,NO,11,150,69.119,10.572,177.985
Delhi,NO,12,155,69.648,13.294,208.627
Delhi,NO2,1,186,57.018,15.765,133.954
Delhi,NO2,2,170,55.476,20.647,117.04
Delhi,NO2,3,185,43.986,10.629,102.228
Delhi,NO2,4,180,49.427,14.797,110.152
Delhi,NO2,5,185,51.943,14.364,108.483
Delhi,NO2,6,175,44.085,16.395,131.553
Delhi,NO2,7,153,34.861,11.371,137.145
Delhi,NO2,8,145,35.589,19.102,103.971
Delhi,NO2,9,148,36.173,10.758,86.196
Delhi,NO2,10,155,59.416,20.288,162.504
Delhi,NO2,11,150,72.589,32.298,149.121
Delhi,NO2,12,155,67.506,23.07,140.087
Delhi,NOx,1,186,68.085,1.866,213.608
Delhi,NOx,2,170,66.982,16.047,180.537
Delhi,NOx,3,186,49.664,11.858,182.37
Delhi,NOx,4,180,51.825,14.66,168.055
Delhi,NOx,5,186,52.955,13.145,150.758
Delhi,NOx,6,180,40.031,5.029,109.946
Delhi,NOx,7,153,48.486,3.295,254.796
Delhi,NOx,8,155,50.414,0.0,231.23
Delhi,NOx,9,150,42.509,5.707,105.758
Delhi,NOx,10,155,75.27,11.471,174.246
Delhi,NOx,11,150,86.208,27.138,176.98
Delhi,NOx,12,155,75.298,2.155,204.44
Delhi,O3,1,186,49.73,6.942,186.066
Delhi,O3,2,170,48.83,15.065,200.408
Delhi,O3,3,185,44.393,14.879,169.364
Delhi,O3,4,177,53.542,22.943,117.587
Delhi,O3,5,184,62.341,30.796,169.349
Delhi,O3,6,157,55.888,18.05,138.497
Delhi,O3,7,122,41.548,18.603,85.109
Delhi,O3,8,125,42.39,16.514,92.806
Delhi,O3,9,147,43.95,19.539,144.45
Delhi,O3,10,155,61.509,26.149,257.732
Delhi,O3,11,149,58.826,23.384,193.311
Delhi,O3,12,155,47.515,19.262,139.789
Delhi,PM10,1,185,306.847,72.608,653.382
Delhi,PM10,2,170,246.326,85.486,497.369
Delhi,PM10,3,178,182.968,34.154,405.644
Delhi,PM10,4,172,221.131,53.017,543.005
Delhi,PM10,5,181,238.309,40.435,505.067
Delhi,PM10,6,169,195.306,54.853,761.912
Delhi,PM10,7,120,116.923,34.16,363.701
Delhi,PM10,8,120,114.035,19.508,268.294
Delhi,PM10,9,147,135.512,18.593,318.238
Delhi,PM10,10,154,273.249,92.415,535.531
Delhi,PM10,11,149,367.381,58.603,796.879
Delhi,PM10,12,146,354.931,124.257,616.988
Delhi,PM2.5,1,186,197.473,53.247,391.542
Delhi,PM2.5,2,170,141.976,47.18,451.251
Delhi,PM2.5,3,185,87.786,21.23,213.622
Delhi,PM2.5,4,180,90.935,22.137,184.693
Delhi,PM2.5,5,185,92.478,21.509,233.821
Delhi,PM2.5,6,175,70.02,22.979,261.766
Delhi,PM2.5,7,153,46.344,10.875,135.92
Delhi,PM2.5,8,145,43.568,10.243,82.267
Delhi,PM2.5,9,148,54.944,10.784,111.578
Delhi,PM2.5,10,154,141.238,33.917,434.922
Delhi,PM2.5,11,150,238.245,31.03,685.364
Delhi,PM2.5,12,155,208.1,78.586,411.801
Delhi,SO2,1,186,15.068,2.649,32.217
Delhi,SO2,2,170,15.89,4.852,50.441
Delhi,SO2,3,185,16.655,3.215,42.336
Delhi,SO2,4,178,21.69,8.335,62.604
Delhi,SO2,5,185,20.724,6.97,65.5
Delhi,SO2,6,157,11.23,4.122,24.753
Delhi,SO2,7,122,9.615,6.422,20.435
Delhi,SO2,8,124,9.451,5.834,12.768
Delhi,SO2,9,122,10.934,6.162,17.117
Delhi,SO2,10,155,17.2,2.819,71.557
Delhi,SO2,11,149,19.613,8.992,51.778
Delhi,SO2,12,155,17.66,4.98,34.05
Delhi,Toluene,1,186,19.973,1.486,92.092
Delhi,Toluene,2,170,15.424,2.104,77.069
Delhi,Toluene,3,186,13.418,2.173,54.665
Delhi,Toluene,4,180,13.319,0.0,47.164
Delhi,Toluene,5,186,13.868,1.442,51.27
Delhi,Toluene,6,180,11.796,0.0,39.347
Delhi,Toluene,7,153,12.667,0.0,32.725
Delhi,Toluene,8,155,13.723,0.0,38.175
Delhi,Toluene,9,150,14.149,0.0,75.001
Delhi,Toluene,10,155,26.498,1.268,102.995
Delhi,Toluene,11,150,27.882,5.212,94.119
Delhi,Toluene,12,155,26.303,2.854,86.376
Delhi,Xylene,1,124,1.571,0.0,9.844
Delhi,Xylene,2,113,2.403,0.003,17.649
Delhi,Xylene,3,124,1.96,0.0,22.011
Delhi,Xylene,4,120,1.067,0.0,4.88
Delhi,Xylene,5,93,0.437,0.0,11.363
Delhi,Xylene,6,89,1.01,0.0,21.618
Delhi,Xylene,7,62,1.041,0.045,14.042
Delhi,Xylene,8,63,0.905,0.031,6.581
Delhi,Xylene,9,95,1.393,0.003,6.265
Delhi,Xylene,10,122,1.72,0.028,5.871
Delhi,Xylene,11,120,1.41,0.0,23.302
Delhi,Xylene,12,94,1.701,0.0,19.668
Hyderabad,Benzene,1,176,1.574,0.0,6.745
Hyderabad,Benzene,2,160,1.234,0.0,6.398
Hyderabad,Benzene,3,186,1.25,0.037,6.727
Hyderabad,Benzene,4,152,1.008,0.04,4.192
Hyderabad,Benzene,5,155,1.099,0.005,6.25
Hyderabad,Benzene,6,149,0.427,0.0,1.619
Hyderabad,Benzene,7,126,0.303,0.007,1.113
Hyderabad,Benzene,8,146,0.543,0.0,3.661
Hyderabad,Benzene,9,149,0.741,0.0,5.971
Hyderabad,Benzene,10,155,1.395,0.0,6.304
Hyderabad,Benzene,11,150,2.299,0.017,8.06
Hyderabad,Benzene,12,155,2.017,0.007,6.938
Hyderabad,CO,1,182,0.647,0.0,1.935
Hyderabad,CO,2,166,0.604,0.0,1.729
Hyderabad,CO,3,186,0.618,0.109,1.683
Hyderabad,CO,4,174,0.628,0.059,1.613
Hyderabad,CO,5,186,0.614,0.054,2.052
Hyderabad,CO,6,179,0.494,0.059,1.501
Hyderabad,CO,7,154,0.631,0.129,8.829
Hyderabad,CO,8,153,0.486,0.0,7.248
Hyderabad,CO,9,149,0.347,0.0,0.93
Hyderabad,CO,10,155,0.537,0.0,1.426
Hyderabad,CO,11,150,0.703,0.263,1.527
Hyderabad,CO,12,155,0.767,0.167,1.733
Hyderabad,NH3,1,155,18.191,10.325,36.666
Hyderabad,NH3,2,136,19.066,9.428,54.445
Hyderabad,NH3,3,151,16.486,8.945,46.252
Hyderabad,NH3,4,144,18.445,10.404,46.008
Hyderabad,NH3,5,145,19.767,7.0,59.136
Hyderabad,NH3,6,118,12.924,3.451,27.632
Hyderabad,NH3,7,92,10.21,3.234,27.317
Hyderabad,NH3,8,90,12.976,4.272,28.921
Hyderabad,NH3,9,118,13.947,3.194,49.942
Hyderabad,NH3,10,147,14.873,7.062,54.551
Hyderabad,NH3,11,148,15.039,2.5,41.106
Hyderabad,NH3,12,149,16.742,8.774,42.782
Hyderabad,NO,1,182,9.824,2.806,44.923
Hyderabad,NO,2,162,9.853,2.338,44.545
Hyderabad,NO,3,184,7.718,2.466,43.76
Hyderabad,NO,4,172,8.006,2.189,34.352
Hyderabad,NO,5,186,6.82,1.456,40.106
Hyderabad,NO,6,179,6.186,1.62,31.378
Hyderabad,NO,7,154,6.149,1.606,20.722
Hyderabad,NO,8,136,6.999,2.328,15.45
Hyderabad,NO,9,139,7.308,1.416,23.803
Hyderabad,NO,10,143,7.643,1.218,26.161
Hyderabad,NO,11,150,7.765,2.891,17.124
Hyderabad,NO,12,153,8.837,2.404,38.064
Hyderabad,NO2,1,182,36.903,2.594,78.581
Hyderabad,NO2,2,162,35.019,2.758,72.802
Hyderabad,NO2,3,184,29.235,2.695,65.258
Hyderabad,NO2,4,172,29.699,7.346,54.579
Hyderabad,NO2,5,186,28.891,8.422,72.957
Hyderabad,NO2,6,179,17.206,4.07,35.454
Hyderabad,NO2,7,154,13.319,4.447,28.865
Hyderabad,NO2,8,136,16.843,7.3,32.877
Hyderabad,NO2,9,139,25.124,8.663,84.521
Hyderabad,NO2,10,143,30.183,0.618,90.431
Hyderabad,NO2,11,150,33.596,0.706,72.002
Hyderabad,NO2,12,153,40.689,8.865,73.532
Hyderabad,NOx,1,182,26.105,5.116,66.155
Hyderabad,NOx,2,166,25.626,3.041,97.372
Hyderabad,NOx,3,184,21.401,5.308,85.712
Hyderabad,NOx,4,172,21.27,8.078,67.91
Hyderabad,NOx,5,186,20.549,2.819,69.417
Hyderabad,NOx,6,179,14.932,4.453,50.095
Hyderabad,NOx,7,154,12.813,4.205,31.13
Hyderabad,NOx,8,153,13.115,0.0,33.458
Hyderabad,NOx,9,149,14.745,0.0,40.834
Hyderabad,NOx,10,155,14.586,0.0,42.385
Hyderabad,NOx,11,150,21.3,1.963,43.123
Hyderabad,NOx,12,155,24.577,5.178,55.732
Hyderabad,O3,1,175,38.836,0.1,75.821
Hyderabad,O3,2,162,37.052,0.017,98.754
Hyderabad,O3,3,186,38.471,13.529,68.846
Hyderabad,O3,4,174,39.656,20.205,70.21
Hyderabad,O3,5,186,40.252,16.093,93.072
Hyderabad,O3,6,179,27.564,6.281,59.345
Hyderabad,O3,7,154,18.658,6.461,34.631
Hyderabad,O3,8,136,18.116,6.08,38.359
Hyderabad,O3,9,139,23.01,10.163,41.739
Hyderabad,O3,10,143,32.913,12.59,84.657
Hyderabad,O3,11,150,42.966,18.99,92.105
Hyderabad,O3,12,153,39.335,20.098,83.351
Hyderabad,PM10,1,155,122.554,56.002,212.635
Hyderabad,PM10,2,132,116.352,64.14,203.345
Hyderabad,PM10,3,155,108.095,44.625,216.965
Hyderabad,PM10,4,147,99.397,36.933,249.548
Hyderabad,PM10,5,150,94.98,44.448,175.136
Hyderabad,PM10,6,120,47.795,11.672,127.373
Hyderabad,PM10,7,93,43.203,14.475,84.973
Hyderabad,PM10,8,94,47.639,10.537,101.477
Hyderabad,PM10,9,120,56.563,16.29,129.227
Hyderabad,PM10,10,139,89.746,26.194,150.655
Hyderabad,PM10,11,147,111.164,48.946,159.664
Hyderabad,PM10,12,148,115.795,34.082,170.764
Hyderabad,PM2.5,1,153,67.985,30.804,232.828
Hyderabad,PM2.5,2,138,60.788,25.604,525.091
Hyderabad,PM2.5,3,156,48.492,21.27,77.402
Hyderabad,PM2.5,4,169,43.561,16.03,158.323
Hyderabad,PM2.5,5,186,38.937,11.355,89.625
Hyderabad,PM2.5,6,177,35.686,4.937,571.016
Hyderabad,PM2.5,7,151,23.743,5.718,363.541
Hyderabad,PM2.5,8,134,24.255,4.833,299.246
Hyderabad,PM2.5,9,139,37.899,5.906,161.719
Hyderabad,PM2.5,10,141,62.613,9.833,516.202
Hyderabad,PM2.5,11,150,60.465,19.055,96.833
Hyderabad,PM2.5,12,152,64.053,22.355,177.625
Hyderabad,SO2,1,182,10.143,1.768,54.694
Hyderabad,SO2,2,160,9.545,2.988,40.297
Hyderabad,SO2,3,186,8.211,2.82,29.287
Hyderabad,SO2,4,172,8.218,2.86,33.423
Hyderabad,SO2,5,186,7.44,0.972,16.439
Hyderabad,SO2,6,177,6.301,1.542,13.037
Hyderabad,SO2,7,150,6.174,1.152,15.751
Hyderabad,SO2,8,134,7.11,3.532,14.853
Hyderabad,SO2,9,138,6.235,0.713,14.529
Hyderabad,SO2,10,143,9.743,2.01,47.378
Hyderabad,SO2,11,150,16.702,3.408,51.358
Hyderabad,SO2,12,153,13.979,4.212,49.625
Hyderabad,Toluene,1,175,10.771,0.095,51.329
Hyderabad,Toluene,2,158,9.251,0.0,43.345
Hyderabad,Toluene,3,186,8.019,0.661,58.966
Hyderabad,Toluene,4,151,5.761,0.615,15.398
Hyderabad,Toluene,5,155,7.181,0.213,42.79
Hyderabad,Toluene,6,147,3.056,0.18,13.075
Hyderabad,Toluene,7,123,2.136,0.227,10.224
Hyderabad,Toluene,8,144,3.134,0.0,18.236
Hyderabad,Toluene,9,148,6.225,0.0,47.794
Hyderabad,Toluene,10,155,11.078,0.0,60.022
Hyderabad,Toluene,11,150,14.77,0.339,54.915
Hyderabad,Toluene,12,155,12.012,0.04,38.491
Hyderabad,Xylene,1,175,2.074,0.0,16.8
Hyderabad,Xylene,2,158,1.76,0.0,18.997
Hyderabad,Xylene,3,186,1.685,0.103,16.898
Hyderabad,Xylene,4,151,1.044,0.045,5.551
Hyderabad,Xylene,5,155,1.396,0.011,12.323
Hyderabad,Xylene,6,147,0.541,0.005,3.039
Hyderabad,Xylene,7,123,0.683,0.01,9.504
Hyderabad,Xylene,8,144,0.845,0.0,19.095
Hyderabad,Xylene,9,148,2.34,0.0,24.061
Hyderabad,Xylene,10,155,2.568,0.0,28.239
Hyderabad,Xylene,11,150,2.656,0.041,17.295
Hyderabad,Xylene,12,155,2.392,0.023,22.15
Kolkata,Benzene,1,62,25.885,0.422,64.442
Kolkata,Benzene,2,57,10.86,0.371,28.41
Kolkata,Benzene,3,62,6.772,1.871,14.502
Kolkata,Benzene,4,79,3.932,1.057,41.864
Kolkata,Benzene,5,92,2.106,0.59,7.507
Kolkata,Benzene,6,90,7.623,0.957,45.568
Kolkata,Benzene,7,62,8.351,0.71,18.235
Kolkata,Benzene,8,62,11.164,0.927,38.982
Kolkata,Benzene,9,60,10.505,0.783,28.944
Kolkata,Benzene,10,62,12.917,1.904,30.081
Kolkata,Benzene,11,60,18.462,1.648,39.262
Kolkata,Benzene,12,62,20.428,3.231,46.365
Kolkata,CO,1,62,1.274,0.479,2.746
Kolkata,CO,2,57,1.026,0.435,1.992
Kolkata,CO,3,62,0.73,0.378,1.449
Kolkata,CO,4,80,0.523,0.0,1.172
Kolkata,CO,5,92,0.274,0.0,0.721
Kolkata,CO,6,90,0.396,0.0,1.701
Kolkata,CO,7,62,0.52,0.297,1.22
Kolkata,CO,8,62,0.873,0.355,1.537
Kolkata,CO,9,60,0.889,0.316,1.832
Kolkata,CO,10,62,1.243,0.376,3.036
Kolkata,CO,11,60,1.291,0.425,2.326
Kolkata,CO,12,62,1.119,0.482,2.09
Kolkata,NH3,1,62,30.304,17.463,55.153
Kolkata,NH3,2,57,35.454,20.027,85.385
Kolkata,NH3,3,62,26.903,18.016,53.316
Kolkata,NH3,4,80,15.543,2.12,35.594
Kolkata,NH3,5,92,8.796,3.812,14.509
Kolkata,NH3,6,90,8.027,3.193,22.818
Kolkata,NH3,7,62,12.84,1.427,73.447
Kolkata,NH3,8,62,10.775,5.439,18.435
Kolkata,NH3,9,60,11.312,4.803,31.016
Kolkata,NH3,10,62,13.269,8.286,21.672
Kolkata,NH3,11,60,29.798,11.348,68.518
Kolkata,NH3,12,62,30.004,10.988,60.717
Kolkata,NO,1,62,85.086,15.995,206.197
Kolkata,NO,2,57,52.386,3.03,132.242
Kolkata,NO,3,62,15.764,3.445,81.893
Kolkata,NO,4,79,4.378,2.49,11.324
Kolkata,NO,5,81,4.296,2.375,32.218
Kolkata,NO,6,74,5.882,0.59,27.997
Kolkata,NO,7,62,7.57,0.473,39.953
Kolkata,NO,8,62,9.325,3.175,30.545
Kolkata,NO,9,60,9.763,2.79,39.304
Kolkata,NO,10,62,32.79,3.399,149.436
Kolkata,NO,11,60,57.285,3.552,158.672
Kolkata,NO,12,62,63.83,9.661,174.079
Kolkata,NO2,1,62,80.468,36.5,150.015
Kolkata,NO2,2,57,77.76,36.145,145.205
Kolkata,NO2,3,62,48.645,13.917,118.46
Kolkata,NO2,4,80,23.738,6.37,52.421
Kolkata,NO2,5,81,16.596,5.077,56.897
Kolkata,NO2,6,74,17.493,6.83,43.453
Kolkata,NO2,7,62,24.8,13.274,49.781
Kolkata,NO2,8,62,25.848,11.375,47.555
Kolkata,NO2,9,60,25.388,10.634,52.451
Kolkata,NO2,10,62,39.531,15.094,87.929
Kolkata,NO2,11,60,57.826,15.896,90.971
Kolkata,NO2,12,62,67.948,36.445,137.353
Kolkata,NOx,1,62,149.003,46.356,305.249
Kolkata,NOx,2,57,123.406,45.585,234.23
Kolkata,NOx,3,62,63.895,19.36,184.71
Kolkata,NOx,4,79,27.99,10.119,63.74
Kolkata,NOx,5,92,21.922,8.07,78.4
Kolkata,NOx,6,90,25.693,10.672,64.77
Kolkata,NOx,7,62,31.863,14.726,60.922
Kolkata,NOx,8,62,34.139,17.382,64.035
Kolkata,NOx,9,60,34.704,15.966,75.901
Kolkata,NOx,10,62,70.831,21.293,236.877
Kolkata,NOx,11,60,111.315,21.937,204.996
Kolkata,NOx,12,62,125.277,47.005,245.368
Kolkata,O3,1,62,31.151,9.006,50.089
Kolkata,O3,2,57,35.43,16.495,48.21
Kolkata,O3,3,62,42.198,19.055,68.67
Kolkata,O3,4,73,37.729,13.319,74.549
Kolkata,O3,5,62,30.39,17.865,63.847
Kolkata,O3,6,72,29.342,13.472,81.117
Kolkata,O3,7,62,22.409,7.44,48.421
Kolkata,O3,8,62,14.92,4.148,25.798
Kolkata,O3,9,60,19.809,10.152,41.675
Kolkata,O3,10,62,31.194,10.845,56.555
Kolkata,O3,11,60,36.712,18.497,62.908
Kolkata,O3,12,62,35.035,22.999,48.355
Kolkata,PM10,1,62,247.14,96.071,469.32
Kolkata,PM10,2,57,194.509,42.815,345.729
Kolkata,PM10,3,62,114.629,30.442,210.259
Kolkata,PM10,4,66,64.283,19.98,171.992
Kolkata,PM10,5,62,65.534,22.932,133.002
Kolkata,PM10,6,75,50.289,21.408,128.658
Kolkata,PM10,7,62,47.388,12.595,104.21
Kolkata,PM10,8,62,40.988,16.564,86.588
Kolkata,PM10,9,60,49.545,15.532,112.824
Kolkata,PM10,10,62,105.082,19.918,203.943
Kolkata,PM10,11,60,201.819,34.148,378.307
Kolkata,PM10,12,62,238.33,97.156,418.892
Kolkata,PM2.5,1,62,148.195,47.11,304.741
Kolkata,PM2.5,2,57,105.624,28.955,207.092
Kolkata,PM2.5,3,62,61.904,16.18,114.862
Kolkata,PM2.5,4,66,32.608,7.713,77.816
Kolkata,PM2.5,5,62,29.708,7.301,67.405
Kolkata,PM2.5,6,75,24.496,6.992,52.05
Kolkata,PM2.5,7,62,25.23,6.056,57.597
Kolkata,PM2.5,8,62,22.128,6.929,45.574
Kolkata,PM2.5,9,60,27.3,7.63,66.415
Kolkata,PM2.5,10,62,63.226,8.505,129.593
Kolkata,PM2.5,11,60,114.402,11.921,276.334
Kolkata,PM2.5,12,62,136.911,57.401,267.928
Kolkata,SO2,1,62,15.7,8.57,26.993
Kolkata,SO2,2,57,15.268,2.948,29.465
Kolkata,SO2,3,62,11.242,4.402,20.016
Kolkata,SO2,4,60,7.004,2.04,17.222
Kolkata,SO2,5,62,3.9,1.331,10.205
Kolkata,SO2,6,74,4.098,1.06,16.762
Kolkata,SO2,7,62,3.787,0.973,12.402
Kolkata,SO2,8,61,2.724,1.059,8.288
Kolkata,SO2,9,60,3.724,1.357,7.789
Kolkata,SO2,10,62,6.945,1.794,21.037
Kolkata,SO2,11,60,11.67,2.649,27.53
Kolkata,SO2,12,62,14.059,5.405,24.279
Kolkata,Toluene,1,62,34.929,0.575,70.441
Kolkata,Toluene,2,57,17.084,0.467,44.072
Kolkata,Toluene,3,62,12.306,6.157,22.979
Kolkata,Toluene,4,79,6.237,0.0,15.976
Kolkata,Toluene,5,92,6.464,1.785,27.051
Kolkata,Toluene,6,90,9.462,0.0,76.037
Kolkata,Toluene,7,62,8.153,1.613,22.677
Kolkata,Toluene,8,62,10.753,6.781,18.639
Kolkata,Toluene,9,60,12.343,6.215,24.967
Kolkata,Toluene,10,62,17.641,5.906,40.296
Kolkata,Toluene,11,60,29.804,6.942,54.825
Kolkata,Toluene,12,62,30.362,7.589,56.84
Kolkata,Xylene,1,31,3.955,0.953,10.654
Kolkata,Xylene,2,29,3.062,1.367,5.621
Kolkata,Xylene,3,31,1.574,0.535,3.525
Kolkata,Xylene,4,30,0.399,0.263,0.763
Kolkata,Xylene,5,31,0.42,0.204,0.764
Kolkata,Xylene,6,53,2.476,0.236,13.542
Kolkata,Xylene,7,31,3.166,2.329,5.158
Kolkata,Xylene,8,30,3.031,1.421,10.416
Kolkata,Xylene,9,30,1.832,0.866,3.389
Kolkata,Xylene,10,31,2.955,1.372,5.615
Kolkata,Xylene,11,30,4.834,1.02,9.437
Kolkata,Xylene,12,31,3.126,1.492,5.994
Lucknow,Benzene,1,165,2.211,0.026,23.343
Lucknow,Benzene,2,141,1.715,0.029,16.657
Lucknow,Benzene,3,184,4.024,0.0,46.0
Lucknow,Benzene,4,171,4.249,0.0,37.121
Lucknow,Benzene,5,159,5.144,0.0,37.71
Lucknow,Benzene,6,164,2.914,0.0,29.74
Lucknow,Benzene,7,132,0.418,0.0,1.999
Lucknow,Benzene,8,141,0.686,0.0,3.083
Lucknow,Benzene,9,138,0.984,0.043,3.851
Lucknow,Benzene,10,133,1.519,0.128,9.43
Lucknow,Benzene,11,120,2.163,0.15,9.286
Lucknow,Benzene,12,144,2.957,0.062,18.682
Lucknow,CO,1,175,3.504,0.805,16.466
Lucknow,CO,2,158,3.622,0.615,17.652
Lucknow,CO,3,171,2.063,0.274,14.473
Lucknow,CO,4,165,1.366,0.288,3.254
Lucknow,CO,5,151,1.451,0.155,9.926
Lucknow,CO,6,130,1.373,0.426,9.299
Lucknow,CO,7,90,2.033,0.636,9.606
Lucknow,CO,8,111,1.338,0.0,12.064
Lucknow,CO,9,111,1.321,0.668,8.063
Lucknow,CO,10,135,1.556,0.669,12.497
Lucknow,CO,11,134,2.163,0.406,9.145
Lucknow,CO,12,142,1.881,0.513,9.091
Lucknow,NH3,1,87,39.131,5.502,65.388
Lucknow,NH3,2,70,33.432,0.923,74.757
Lucknow,NH3,3,89,24.01,1.836,45.877
Lucknow,NH3,4,84,27.168,5.185,43.964
Lucknow,NH3,5,91,20.951,6.877,36.261
Lucknow,NH3,6,84,26.488,8.397,46.389
Lucknow,NH3,7,62,21.873,7.48,38.898
Lucknow,NH3,8,59,17.704,4.162,40.161
Lucknow,NH3,9,64,25.077,2.016,40.69
Lucknow,NH3,10,88,36.435,2.287,148.107
Lucknow,NH3,11,90,38.121,9.157,96.765
Lucknow,NH3,12,92,36.902,1.027,65.026
Lucknow,NO,1,182,21.888,1.64,107.417
Lucknow,NO,2,164,16.409,2.572,98.893
Lucknow,NO,3,185,12.238,3.452,52.885
Lucknow,NO,4,177,10.795,2.092,60.816
Lucknow,NO,5,166,8.418,0.6,48.83
Lucknow,NO,6,166,6.702,0.901,14.508
Lucknow,NO,7,146,8.758,1.979,27.615
Lucknow,NO,8,145,8.766,1.925,24.058
Lucknow,NO,9,149,7.7,1.267,27.842
Lucknow,NO,10,153,22.555,1.202,101.105
Lucknow,NO,11,150,32.944,5.438,120.647
Lucknow,NO,12,154,29.014,2.697,156.779
Lucknow,NO2,1,182,39.207,4.892,104.768
Lucknow,NO2,2,166,34.303,8.025,77.571
Lucknow,NO2,3,185,32.167,0.97,105.885
Lucknow,NO2,4,177,36.676,2.365,106.43
Lucknow,NO2,5,166,29.4,7.828,82.864
Lucknow,NO2,6,166,20.482,5.973,60.912
Lucknow,NO2,7,146,20.317,6.397,32.017
Lucknow,NO2,8,145,21.799,7.194,78.48
Lucknow,NO2,9,149,21.17,4.542,52.216
Lucknow,NO2,10,153,42.864,3.162,95.0
Lucknow,NO2,11,150,55.415,14.837,121.799
Lucknow,NO2,12,154,47.382,8.728,92.382
Lucknow,NOx,1,151,32.352,2.21,127.243
Lucknow,NOx,2,138,24.879,2.21,97.456
Lucknow,NOx,3,154,20.171,3.215,77.856
Lucknow,NOx,4,149,17.896,2.21,80.385
Lucknow,NOx,5,154,14.508,3.55,59.002
Lucknow,NOx,6,152,13.157,2.21,33.746
Lucknow,NOx,7,115,13.88,2.21,29.639
Lucknow,NOx,8,103,14.532,3.717,38.355
Lucknow,NOx,9,104,14.22,2.21,33.628
Lucknow,NOx,10,139,31.006,2.21,113.897
Lucknow,NOx,11,139,38.534,3.382,130.141
Lucknow,NOx,12,123,40.038,2.21,168.23
Lucknow,O3,1,184,33.211,11.267,77.592
Lucknow,O3,2,166,46.389,8.895,134.374
Lucknow,O3,3,185,46.02,10.79,98.264
Lucknow,O3,4,178,48.709,11.409,122.8
Lucknow,O3,5,159,42.538,7.082,135.657
Lucknow,O3,6,167,36.215,7.481,74.775
Lucknow,O3,7,147,24.309,3.554,67.468
Lucknow,O3,8,146,21.343,5.22,57.38
Lucknow,O3,9,150,24.698,9.693,59.26
Lucknow,O3,10,154,32.633,15.349,83.241
Lucknow,O3,11,149,44.265,13.855,102.913
Lucknow,O3,12,154,34.358,11.275,80.056
Lucknow,PM10,1,0,,,
Lucknow,PM10,2,0,,,
Lucknow,PM10,3,0,,,
Lucknow,PM10,4,0,,,
Lucknow,PM10,5,0,,,
Lucknow,PM10,6,0,,,
Lucknow,PM10,7,0,,,
Lucknow,PM10,8,0,,,
Lucknow,PM10,9,0,,,
Lucknow,PM10,10,0,,,
Lucknow,PM10,11,0,,,
Lucknow,PM10,12,0,,,
Lucknow,PM2.5,1,154,180.265,52.722,342.703
Lucknow,PM2.5,2,139,136.434,41.128,290.471
Lucknow,PM2.5,3,164,100.773,33.246,685.411
Lucknow,PM2.5,4,176,83.647,29.195,175.004
Lucknow,PM2.5,5,165,85.03,25.563,309.349
Lucknow,PM2.5,6,166,72.364,17.814,402.474
Lucknow,PM2.5,7,145,39.891,16.021,96.519
Lucknow,PM2.5,8,146,42.163,10.458,159.643
Lucknow,PM2.5,9,150,46.231,11.386,236.322
Lucknow,PM2.5,10,154,117.17,28.453,431.691
Lucknow,PM2.5,11,150,217.734,73.1,499.056
Lucknow,PM2.5,12,154,206.388,58.153,506.04
Lucknow,SO2,1,159,14.374,4.677,179.993
Lucknow,SO2,2,140,8.772,3.534,21.7
Lucknow,SO2,3,175,8.796,3.304,20.635
Lucknow,SO2,4,178,9.365,3.792,45.844
Lucknow,SO2,5,166,8.128,2.129,23.051
Lucknow,SO2,6,168,6.853,2.849,18.628
Lucknow,SO2,7,149,6.686,2.187,17.992
Lucknow,SO2,8,146,6.537,1.271,16.563
Lucknow,SO2,9,150,5.043,1.231,11.757
Lucknow,SO2,10,154,7.948,1.765,31.733
Lucknow,SO2,11,150,8.952,2.78,24.019
Lucknow,SO2,12,154,9.826,3.347,27.404
Lucknow,Toluene,1,165,7.126,0.09,44.711
Lucknow,Toluene,2,141,3.885,0.054,27.509
Lucknow,Toluene,3,184,5.611,0.0,54.617
Lucknow,Toluene,4,171,3.245,0.0,17.276
Lucknow,Toluene,5,162,7.247,0.0,132.47
Lucknow,Toluene,6,161,3.142,0.0,24.477
Lucknow,Toluene,7,129,1.608,0.033,24.283
Lucknow,Toluene,8,129,1.805,0.0,10.447
Lucknow,Toluene,9,131,2.463,0.057,13.468
Lucknow,Toluene,10,128,3.926,0.065,19.353
Lucknow,Toluene,11,120,6.084,0.593,43.063
Lucknow,Toluene,12,143,7.695,0.201,48.255
Lucknow,Xylene,1,0,,,
Lucknow,Xylene,2,0,,,
Lucknow,Xylene,3,0,,,
Lucknow,Xylene,4,0,,,
Lucknow,Xylene,5,0,,,
Lucknow,Xylene,6,0,,,
Lucknow,Xylene,7,0,,,
Lucknow,Xylene,8,0,,,
Lucknow,Xylene,9,0,,,
Lucknow,Xylene,10,0,,,
Lucknow,Xylene,11,0,,,
Lucknow,Xylene,12,0,,,
Mumbai,Benzene,1,169,1.244,0.0,9.968
Mumbai,Benzene,2,164,1.331,0.0,14.405
Mumbai,Benzene,3,179,1.138,0.0,13.749
Mumbai,Benzene,4,164,1.157,0.0,16.93
Mumbai,Benzene,5,172,0.462,0.0,3.232
Mumbai,Benzene,6,166,0.885,0.0,36.089
Mumbai,Benzene,7,130,0.656,0.0,4.069
Mumbai,Benzene,8,123,0.544,0.0,2.947
Mumbai,Benzene,9,117,0.678,0.0,3.681
Mumbai,Benzene,10,110,1.505,0.0,6.706
Mumbai,Benzene,11,106,2.363,0.0,9.838
Mumbai,Benzene,12,123,2.243,0.0,10.416
Mumbai,CO,1,185,0.861,0.0,3.651
Mumbai,CO,2,168,0.793,0.0,3.273
Mumbai,CO,3,183,0.654,0.0,2.783
Mumbai,CO,4,167,0.557,0.0,2.073
Mumbai,CO,5,174,0.502,0.0,1.819
Mumbai,CO,6,166,0.406,0.0,1.768
Mumbai,CO,7,144,0.355,0.0,1.717
Mumbai,CO,8,153,0.341,0.0,1.437
Mumbai,CO,9,147,0.42,0.0,2.32
Mumbai,CO,10,141,0.557,0.0,2.652
Mumbai,CO,11,140,0.651,0.0,2.975
Mumbai,CO,12,155,0.651,0.0,3.262
Mumbai,NH3,1,31,19.264,14.295,26.773
Mumbai,NH3,2,29,21.698,18.158,30.493
Mumbai,NH3,3,31,16.823,9.82,28.59
Mumbai,NH3,4,30,7.562,5.422,10.488
Mumbai,NH3,5,31,4.162,2.907,6.156
Mumbai,NH3,6,57,11.471,3.405,26.694
Mumbai,NH3,7,31,10.962,5.435,18.326
Mumbai,NH3,8,31,11.938,5.668,19.504
Mumbai,NH3,9,30,12.677,9.004,19.519
Mumbai,NH3,10,31,15.682,12.476,21.133
Mumbai,NH3,11,30,16.716,11.759,20.635
Mumbai,NH3,12,31,19.346,15.517,34.634
Mumbai,NO,1,60,43.039,11.118,118.835
Mumbai,NO,2,52,42.34,14.681,95.619
Mumbai,NO,3,62,35.229,6.461,108.874
Mumbai,NO,4,59,26.09,8.182,101.504
Mumbai,NO,5,76,24.189,13.058,51.381
Mumbai,NO,6,71,21.577,11.059,41.653
Mumbai,NO,7,61,20.862,4.547,60.188
Mumbai,NO,8,62,18.443,8.072,36.466
Mumbai,NO,9,60,24.06,10.096,55.282
Mumbai,NO,10,55,30.547,11.829,48.944
Mumbai,NO,11,55,39.732,9.35,128.761
Mumbai,NO,12,62,38.141,16.348,85.854
Mumbai,NO2,1,59,45.501,17.598,79.412
Mumbai,NO2,2,52,39.655,13.903,71.944
Mumbai,NO2,3,62,19.602,4.217,53.12
Mumbai,NO2,4,59,15.073,2.492,34.26
Mumbai,NO2,5,76,13.118,3.315,30.024
Mumbai,NO2,6,71,13.261,6.381,29.806
Mumbai,NO2,7,61,15.295,9.3,37.563
Mumbai,NO2,8,62,17.522,7.542,61.503
Mumbai,NO2,9,60,20.252,9.331,37.401
Mumbai,NO2,10,55,26.771,8.675,38.878
Mumbai,NO2,11,55,42.122,20.793,67.299
Mumbai,NO2,12,62,47.987,33.402,106.267
Mumbai,NOx,1,145,62.02,5.694,166.945
Mumbai,NOx,2,136,62.461,11.11,284.554
Mumbai,NOx,3,154,58.954,9.7,255.177
Mumbai,NOx,4,136,44.026,14.118,149.294
Mumbai,NOx,5,142,31.501,1.891,78.729
Mumbai,NOx,6,137,31.27,4.903,112.364
Mumbai,NOx,7,116,38.811,13.525,373.024
Mumbai,NOx,8,103,51.537,14.484,261.635
Mumbai,NOx,9,90,44.163,10.807,96.752
Mumbai,NOx,10,86,65.594,32.812,134.011
Mumbai,NOx,11,94,89.568,18.826,187.315
Mumbai,NOx,12,124,86.441,18.76,170.897
Mumbai,O3,1,62,45.385,20.343,85.188
Mumbai,O3,2,57,52.166,23.71,101.757
Mumbai,O3,3,62,46.038,14.4,97.626
Mumbai,O3,4,59,22.422,13.069,37.543
Mumbai,O3,5,84,26.029,11.22,90.185
Mumbai,O3,6,89,22.625,5.683,52.181
Mumbai,O3,7,59,19.845,11.648,34.614
Mumbai,O3,8,62,25.433,7.125,55.14
Mumbai,O3,9,60,24.423,6.246,55.941
Mumbai,O3,10,55,31.424,6.291,74.19
Mumbai,O3,11,55,40.154,9.877,79.13
Mumbai,O3,12,62,41.354,19.031,75.065
Mumbai,PM10,1,62,172.336,81.69,295.76
Mumbai,PM10,2,56,159.729,84.128,261.698
Mumbai,PM10,3,61,113.06,53.273,206.245
Mumbai,PM10,4,59,71.528,44.634,114.862
Mumbai,PM10,5,77,62.135,30.704,114.382
Mumbai,PM10,6,73,49.955,13.865,95.109
Mumbai,PM10,7,56,52.521,21.576,94.994
Mumbai,PM10,8,62,55.987,23.046,91.072
Mumbai,PM10,9,60,55.218,20.375,141.203
Mumbai,PM10,10,55,97.737,29.908,172.6
Mumbai,PM10,11,55,136.367,39.965,276.457
Mumbai,PM10,12,62,158.236,98.105,221.61
Mumbai,PM2.5,1,62,69.165,19.77,107.87
Mumbai,PM2.5,2,57,60.876,18.675,102.481
Mumbai,PM2.5,3,62,31.578,15.85,78.537
Mumbai,PM2.5,4,59,21.652,13.146,31.156
Mumbai,PM2.5,5,84,16.632,7.333,31.181
Mumbai,PM2.5,6,87,15.074,4.656,44.238
Mumbai,PM2.5,7,59,14.346,7.33,46.756
Mumbai,PM2.5,8,62,17.902,7.97,101.945
Mumbai,PM2.5,9,60,20.642,5.677,54.774
Mumbai,PM2.5,10,55,39.881,10.457,62.548
Mumbai,PM2.5,11,55,61.008,11.988,130.468
Mumbai,PM2.5,12,62,73.547,38.673,134.325
Mumbai,SO2,1,62,16.394,4.223,35.52
Mumbai,SO2,2,57,14.207,6.213,26.28
Mumbai,SO2,3,62,10.919,1.223,44.199
Mumbai,SO2,4,59,15.754,6.339,29.638
Mumbai,SO2,5,84,18.455,6.443,37.37
Mumbai,SO2,6,88,14.354,4.772,30.255
Mumbai,SO2,7,59,11.217,7.205,19.291
Mumbai,SO2,8,62,11.099,7.383,24.595
Mumbai,SO2,9,60,12.581,6.851,20.79
Mumbai,SO2,10,55,14.529,8.401,22.575
Mumbai,SO2,11,55,17.676,8.535,40.574
Mumbai,SO2,12,62,16.718,8.746,38.07
Mumbai,Toluene,1,107,0.0,0.0,0.0
Mumbai,Toluene,2,107,0.0,0.0,0.0
Mumbai,Toluene,3,117,0.0,0.0,0.0
Mumbai,Toluene,4,105,0.077,0.0,2.391
Mumbai,Toluene,5,88,0.0,0.0,0.0
Mumbai,Toluene,6,77,0.0,0.0,0.0
Mumbai,Toluene,7,69,0.0,0.0,0.0
Mumbai,Toluene,8,61,0.0,0.0,0.0
Mumbai,Toluene,9,58,0.0,0.0,0.0
Mumbai,Toluene,10,55,0.0,0.0,0.0
Mumbai,Toluene,11,52,0.0,0.0,0.0
Mumbai,Toluene,12,62,0.031,0.0,1.947
Mumbai,Xylene,1,107,0.0,0.0,0.0
Mumbai,Xylene,2,107,0.0,0.0,0.0
Mumbai,Xylene,3,117,0.0,0.0,0.0
Mumbai,Xylene,4,105,0.047,0.0,2.513
Mumbai,Xylene,5,88,0.0,0.0,0.0
Mumbai,Xylene,6,77,0.0,0.0,0.0
Mumbai,Xylene,7,69,0.0,0.0,0.0
Mumbai,Xylene,8,61,0.0,0.0,0.0
Mumbai,Xylene,9,58,0.0,0.0,0.0
Mumbai,Xylene,10,55,0.0,0.0,0.0
Mumbai,Xylene,11,52,0.0,0.0,0.0
Mumbai,Xylene,12,62,0.028,0.0,1.741
